region,total_work_region,men,women,germans,foreigners,15_to_25_years,25_to_55_years,55_to_65_years,without_professional_qualification,with_professional_qualification,with_academic_degree,total_home_region
Deutschland,3304.472944777932,3468.063067359558,3013.9715257038747,3402.742714915848,2529.8646074097346,2407.5858091576374,3351.2415581497676,3533.5095746639663,2460.516594756057,3189.1738837758503,5113.412289478072,3312.149490733584
"Flensburg, Stadt",3102.1172506738544,3273.8407079646017,2799.9755244755243,3199.6310160427806,1884.7105263157894,2127.2045454545455,3102.9725274725274,3516.3088235294117,2018.357142857143,3120.636518771331,4585.727272727273,2842.4753086419755
"Kiel, Landeshauptstadt",3404.1302032913845,3557.501795332136,3198.8568075117373,3443.969591226321,2486.706896551724,2310.340425531915,3398.0992317541613,3794.640625,2428.8783783783783,3266.1694312796208,4997.518348623853,3251.9182058047495
"Lübeck, Hansestadt",3116.761061946903,3196.8031423290204,2992.3449197860964,3207.49200913242,2072.9609375,2207.1666666666665,3137.9821683309556,3411.3695652173915,2210.9166666666665,3092.9025974025976,4897.722222222223,3102.897743300423
"Neumünster, Stadt",2941.2798165137615,2994.478102189781,2777.7727272727275,2979.658878504673,2351.8513513513512,2267.1666666666665,2969.173218673219,3102.9752475247524,2365.0454545454545,2959.9951923076924,4928.384615384615,2901.8342696629215
Dithmarschen,2983.8333333333335,3159.7350746268658,2498.576923076923,3041.7564766839378,1978.7051282051282,2313.2551020408164,2992.94966442953,3334.7105263157896,2245.1969696969695,3020.0684523809523,5218.681818181818,3052.262114537445
Herzogtum Lauenburg,2942.3947368421054,3062.289297658863,2674.3924050632913,3012.134199134199,2151.4803921568628,2233.6632653061224,2975.2881355932204,3169.785714285714,2145,2952.2396907216494,5271.7962962962965,3291.177966101695
Nordfriesland,2843.8730715287516,3000.1361746361745,2463.059241706161,2895.002407704655,2088.5281690140846,2243.3571428571427,2881.3888888888887,3047.0073529411766,2193.753968253968,2883.2212806026364,4151.081395348837,2841.108108108108
Ostholstein,2696.9714714714714,2800.807881773399,2500.1963562753035,2743.0219941348973,2021.0223880597016,2162.7093023255816,2715.3058252427186,2915.155172413793,2208.4710144927535,2722.5970537261696,4558,2961.4870317002883
Pinneberg,3115.9651162790697,3234.5408805031448,2850.1996996996995,3211.6510791366904,2291.2801418439717,2277.6844660194174,3152.950980392157,3351.8513513513512,2332.0533980582522,3115.1088957055213,5181.829113924051,3387.1177818515125
Plön,2868.193661971831,2982.287330316742,2590.24358974359,2907.8,2154.0714285714284,2225.5,2910.4747474747473,3018.0438596491226,2234.759259259259,2883.8333333333335,4436.958333333333,3265.5134048257373
Rendsburg-Eckernförde,3034.059622195986,3161.345588235294,2708.683856502242,3067.7458172458173,2179.9871794871797,2290.9605263157896,3054.258445945946,3270.42385786802,2315.4122807017543,3007.663323782235,4754.666666666667,3240.9761904761904
Schleswig-Flensburg,2798.6071428571427,2883.200650759219,2569.6176470588234,2823.5,2239.086956521739,2250.1710526315787,2830.526690391459,2956.473451327434,2304.826923076923,2813.7770870337476,4081,2988.9232954545455
Segeberg,3127.8668639053253,3221.3536585365855,2932.172025723473,3202.7988505747126,2226.9462809917354,2239.923076923077,3182.940476190476,3336.456790123457,2349.3317757009345,3098.9397163120566,5155.241379310345,3329.588785046729
Steinburg,3085.4242424242425,3239.771653543307,2755.2619047619046,3121.779761904762,2363.5,2383.8333333333335,3117.1330645161293,3337.1438356164385,2303.2027027027025,3071.067375886525,5014.041666666667,3150.2938144329896
Stormarn,3126.4248210023866,3226.5229132569557,2900.2413793103447,3215.1158463385354,2209.9405594405594,2259.520618556701,3158.0607902735564,3340.3529411764707,2333.0520833333335,3120.5698757763976,4874.858974358975,3557.129055007052
"Hamburg, Freie und Hansestadt",3717.5673076923076,4010.186876247505,3370.7570025989025,3836.5612623762377,2580.212189616253,2392.880617977528,3758.7477014602487,4095.1774193548385,2486.3151476251605,3499.356061970816,5103.981481481482,3530.4608876117495
"Braunschweig, Stadt",3526.5141987829616,3831.1451612903224,3140.781690140845,3593.387154861945,2510.794117647059,2306.970588235294,3592.1666666666665,3772.3934911242604,2074.5384615384614,3314.2624466571833,5004.440217391304,3789.4267461669506
"Salzgitter, Stadt",4256.917624521073,4393.231829573935,3490.5,4334.0093896713615,3364.8939393939395,3407.6428571428573,4279.471354166667,4425.5,3142.1666666666665,4210.906698564593,6176.1578947368425,3612.9538745387454
"Wolfsburg, Stadt",4893.113065326633,5115.220812182741,4249.968085106383,4960.9838709677415,4407.196428571428,2925.5,4946.360284605434,5170.218309859155,2397.84375,4640.81374501992,> 6.500,4528.0751072961375
Gifhorn,3247.776536312849,3460.029702970297,2712.8655913978496,3284.173469387755,2517.5,2395.3529411764707,3370.914847161572,3179.0714285714284,2515.651515151515,3074.0576923076924,5288.520833333333,4169.075851393189
Goslar,2939.6732283464567,3135.2477064220184,2569.5476190476193,2979.9794188861983,2153.625,2248,2943.4464285714284,3250.5,2126.362068965517,2906.731003039514,4545.5,3122.6932114882507
Helmstedt,2799.28640776699,2925.5,2555.3672566371683,2873.816062176166,2029.3732394366198,2282.1666666666665,2817.6052631578946,2974.890243902439,2190.777777777778,2766.9670658682635,4789.388888888889,3795.0652173913045
Northeim,3012.6666666666665,3146.3978328173375,2676.5714285714284,3105.1610169491523,2000.2524752475247,2230.378048780488,3029.7042042042044,3245.9545454545455,2163.4166666666665,3014.8799472295514,4808.5,3133.3869047619046
Peine,3004.1219081272084,3143.024509803922,2698.4166666666665,3124.8794326241136,2092.8076923076924,2198.576923076923,3028.9523809523807,3316.525641025641,2269.648936170213,3062.8152709359606,5180.045454545455,3540.793453724605
Wolfenbüttel,3071.112244897959,3194.367924528302,2840.288732394366,3127.4607843137255,2050.5,2358.8333333333335,3065.6069518716577,3398.7954545454545,2292.8076923076924,3016.4313725490197,4673.869565217391,3678.730769230769
Göttingen,3223.2192205491588,3330.8278688524592,3008.732445520581,3259.268821966342,2536.1164383561645,2333.0757575757575,3225.294600938967,3521.558091286307,2374.3888888888887,3104.9290288153684,4957.812925170068,3316.5680529300566
Region Hannover,3480.9518338488733,3672.9795081967213,3186.1812577065352,3577.356148491879,2397.22131147541,2378.7608695652175,3500.8652834599648,3816.7883845126835,2419.096881959911,3370.7494923121553,5091.534155597723,3461.698531340152
Diepholz,2907.9282147315857,3028.485668789809,2533.305907172996,2993.0105485232066,2078.9274193548385,2281.5526315789475,2947.1666666666665,3098.4477611940297,2298.5263157894738,2963.2076411960134,4626.970588235294,3136.7059158134243
Hameln-Pyrmont,3231.704379562044,3405.0774647887324,2948.8552631578946,3290.529761904762,2308.6632653061224,2382.946808510638,3240.621951219512,3536.738532110092,2241.0555555555557,3166.8615560640733,5278.384615384615,3222.79609929078
Hildesheim,3123.406976744186,3290.003205128205,2760.5,3165.7395209580836,2365.0569620253164,2302.4444444444443,3130.0347003154575,3417.5,2325.847222222222,3051.1375838926174,5197.6875,3249.405109489051
Holzminden,3216.8934426229507,3321.3888888888887,2829.590909090909,3252.3382352941176,2475.5,2486.076923076923,3236.2734806629833,3409.323529411765,2554.810344827586,3202.1666666666665,4981.75,3160.090163934426
Nienburg (Weser),2904.9204322200394,3001.4915014164308,2543.4824561403507,3003.965909090909,1928.909090909091,2273.4591836734694,2927.4005847953217,3108.7236842105262,2220.012195121951,2966.221649484536,4602.285714285715,3052.742888402626
Schaumburg,2954.8572984749453,3085.5165562913908,2609.2264150943397,3024.1899563318775,2285.0238095238096,2243.5232558139537,2969.343843843844,3218.2631578947367,2408.343137254902,2957.2750677506774,4757.021739130435,3249.083984375
Celle,3235.3884381338744,3396.7158808933004,2854.360294117647,3284.5077071290943,2342.049295774648,2314.6666666666665,3290.2402597402597,3418.061983471074,2269.5140845070423,3195.0696721311474,5188,3220.7136752136753
Cuxhaven,2888.052742616034,3047.9930362116993,2493.4936305732485,2968.9149184149182,2145.0945945945946,2301.9423076923076,2907.848901098901,3205.385057471264,2225.9310344827586,2930.473821989529,4622.375,3217.3840579710145
Harburg,2800.434210526316,2877.796819787986,2582.2972350230416,2959.9444444444443,2127.3028846153848,2203.4109589041095,2835.8380503144654,3027.597902097902,2161.0740181268884,2894.8200663349917,4243.263157894737,3526.920838971583
Lüchow-Dannenberg,2808.108695652174,2977.9647887323945,2417.7619047619046,2863.9615384615386,X,2278.8333333333335,2824.5506329113923,3000.5,X,2835.983870967742,4213,2944.55737704918
Lüneburg,2991.469899665552,3094.315789473684,2767.8529411764707,3045.942930153322,2120.621951219512,2200.8424657534247,3028.6666666666665,3208.8333333333335,2211.75,2946.0849889624724,4615.884615384615,3265.529985007496
Osterholz,2814.0384615384614,2944.890243902439,2447.782608695652,2866.970588235294,2165.0833333333335,2229.875,2855.8488372093025,2985.256097560976,2195,2826.061797752809,4421.928571428572,3363.5108991825614
Rotenburg (Wümme),2925.8577106518283,3054.219008264463,2535.2368421052633,2998.877703826955,2055.8125,2258.5,2954.0377358490564,3226.28125,2168.6451612903224,2973.1833976833977,4530.045454545455,3094.35593220339
Heidekreis,2987.492619926199,3133.2151335311573,2626.6627906976746,3061.1879606879606,2214,2232.817073170732,2985.790404040404,3317.1666666666665,2255.2872340425533,3031.686868686869,4516.125,3082.030612244898
Stade,3191.698501872659,3381.7332439678285,2747.675141242938,3275.683486238532,2150.5,2443.3030303030305,3236.2227488151657,3470.3979591836733,2306.269230769231,3214.77752293578,5258.833333333333,3476.918152350081
Uelzen,2841.804347826087,2969.7786069651743,2590.4532710280373,2873.6099656357387,2160.0238095238096,2296.712121212121,2863.995575221239,3034.25,2223.6481481481483,2837.0582191780823,4273.227272727273,2993.891719745223
Verden,2994.664882226981,3133.757575757576,2635.1666666666665,3089.687643020595,2072.5588235294117,2263.6147540983607,3040.5918635170606,3214.6414141414143,2225.5,3034.398305084746,4789.689189189189,3289.8305439330543
"Delmenhorst, Stadt",2887.803664921466,3027.0723270440253,2584.082089552239,2963.4781420765025,2123.2272727272725,2124.3636363636365,2900.5,3185.7272727272725,2180.1875,2965.435064935065,4364.923076923077,2973.2443609022557
"Emden, Stadt",3705.5872093023254,4028.595238095238,2847.6052631578946,3864.571038251366,2433.343137254902,2553.1315789473683,3759.2025316455697,4053.7608695652175,2390.6315789473683,3785.2014925373132,5245.065217391304,3262.9074074074074
"Oldenburg (Oldenburg), Stadt",3236.607038123167,3420.766990291262,2977.4031141868513,3301.293103448276,2107.216417910448,2247.253246753247,3293.7291666666665,3502.804964539007,2055.584745762712,3095.77972027972,4733.15306122449,3212.7400756143666
"Osnabrück, Stadt",3310.9961832061067,3537.675648702595,2909.2903225806454,3391.573738680466,2150.7380952380954,2265.9661016949153,3330.902010050251,3724.580882352941,2071.3333333333335,3252.871048252912,4612.067164179104,3194.549815498155
"Wilhelmshaven, Stadt",3240.536231884058,3427.6067415730336,2843.9466019417478,3288.6009615384614,2403.625,2385.222222222222,3223.2272727272725,3571.2831325301204,2268.2083333333335,3223.1394849785406,4775.5,2950.5
Ammerland,2890.906976744186,3006.2109557109557,2541.9728682170544,2944.768953068592,2213.462962962963,2275.5,2930.3863636363635,3084.029411764706,2346.1140350877195,2922.4365426695845,4449.574074074074,3051.9314928425356
Aurich,2875.123493975904,3037.4877049180327,2439.225490196078,2934.439393939394,2043.9579439252336,2195.7631578947367,2941.8207547169814,3089.470588235294,2152.254385964912,2866.777985074627,4310.954545454545,3057.5200573065904
Cloppenburg,2697.9971558589305,2860.6377952755906,2138.927561837456,2882.8982737361284,1983.6267217630855,2177.804964539007,2741.7118780096307,2920.7614379084966,2128.243902439024,2875.063953488372,4333.138888888889,2765.058665231432
Emsland,3075.383333333333,3233.083041958042,2458.9880636604776,3197.9710982658958,2162.3852459016393,2335.6063829787236,3121.274315391879,3370.6576576576576,2258.1388888888887,3117.9675324675327,4861.455056179775,3031.203175631886
Friesland,2989.310483870968,3200.085635359116,2459.6954022988507,3027.890438247012,2102.6739130434785,2282.1666666666665,2986.9583333333335,3330.7083333333335,2213.8333333333335,3010.9265402843603,4712.45652173913,3155.2014925373132
Grafschaft Bentheim,2922.818181818182,3085.729759299781,2357.087837837838,3037.8462214411247,2098.508849557522,2235.77397260274,2958.2351485148515,3219.4473684210525,2114.7156862745096,2996.988469601677,4609.759259259259,3013.838658146965
Leer,2830.6398026315787,2948.819892473118,2487.7340425531916,2892.217171717172,2030.3507462686566,2175.7551020408164,2864.9520547945203,3144.25,2131.103448275862,2842.234693877551,4584.120689655172,3007.2482517482517
Oldenburg,2788.6714876033056,2894.496960486322,2410.3360655737706,2890.6178010471203,2048.7954545454545,2269.7708333333335,2814.785714285714,2974.8333333333335,2158.8333333333335,2875.274774774775,4360.727272727273,3052.2681728880157
Osnabrück,2873.2179135209335,3046.8394342762062,2373.765306122449,3043.814567206193,1948.2717391304348,2215.732558139535,2916.021855486173,3103.7374100719426,2231.577981651376,3023.487804878049,4533.357142857143,3082.373441396509
Vechta,2900.2890295358648,3070.62012012012,2292.710144927536,3083.602766798419,1995.8296703296703,2283.0925925925926,2951.2751937984494,3126.9285714285716,2301.6363636363635,3031.0895865237367,4476.04347826087,2963.7971506105832
Wesermarsch,3518.8673469387754,3754.2337662337663,2801.5135135135133,3638.2314814814813,2180.7631578947367,2661.8207547169814,3540.5552486187844,3986.0263157894738,2636.3870967741937,3571.770718232044,5622.090909090909,3410.3920863309354
Wittmund,2748.8146067415732,2943.5451127819547,2269.377551020408,2793.61377245509,X,2191.8793103448274,2771.231707317073,2978.972222222222,2136.75,2805.060810810811,4311.611111111111,2888.663716814159
"Bremen, Stadt",3522.413716814159,3798.1377952755906,3112.4513641755634,3634.7284623773176,2376.806620209059,2330.074468085106,3531.8280363223607,4000.3,2278.018656716418,3427.7360457296572,5109.428571428572,3271.1029411764707
"Bremerhaven, Stadt",3272.336007130125,3458.3985507246375,2862.254966887417,3364.313025210084,2259.0526315789475,2186.660714285714,3289.1255924170614,3573.657894736842,2243.6159420289855,3296.75,4900.083333333333,2927.5502645502647
"Düsseldorf, Stadt",3967.373990306947,4363.4021667761,3539.8917345750874,4093.999095840868,2983.0688073394494,2408.21484375,3995.2094188376755,4404.666666666667,2655.433110367893,3707.4784892446223,5362.798387096775,3875.712121212121
"Duisburg, Stadt",3526.9174541411894,3646.8437268002967,3234.7359767891685,3631.630622304375,2632.463470319635,2421.189655172414,3487.8251748251746,3952.5833333333335,2793.650684931507,3518.9094256259204,5527.732142857143,3317.537366548043
"Essen, Stadt",3560.563224446786,3773.2115716753024,3299.126653102747,3636.4400769653657,2686.0882352941176,2416.5,3556.903079076277,3986.3064516129034,2417.0364583333335,3377.6837349397592,5620.00354609929,3480.896600566572
"Krefeld, Stadt",3494.6381495564005,3728.9044715447153,3067.3,3678.7029950083192,2229.4655172413795,2220.6612903225805,3456.141025641026,4075.5,2475.2311827956987,3554.5665434380776,5406.402777777777,3310.864145658263
"Mönchengladbach, Stadt",3147.8076923076924,3273.175367047308,2920.8551912568305,3270.8345070422533,2174.750936329588,2108.277777777778,3158.5281690140846,3560.0092024539877,2158.909090909091,3209.287661406026,4912.418604651163,3144.563545150502
"Mülheim an der Ruhr, Stadt",3605.6841085271317,3757.1071428571427,3267.746835443038,3679.5786948176583,2931.321917808219,2500.5,3629.9757033248084,3840.0833333333335,2760.5,3458.678191489362,5819.14406779661,3605.9956896551726
"Oberhausen, Stadt",3327.627659574468,3464.017060367454,3034.3516746411483,3407.8988970588234,2703.4850746268658,2403.7608695652175,3302.7105263157896,3751.5593220338983,2559.6346153846152,3323.2637614678897,5320.311320754717,3348.3658536585367
"Remscheid, Stadt",3458.886752136752,3616.531073446328,3053.553435114504,3546.9114832535884,2920.5,2409.4285714285716,3463.284090909091,3730.282608695652,2577.4736842105262,3448.5283911671922,5674.71875,3356.2349665924276
"Solingen, Klingenstadt",3172.461325966851,3328.0806451612902,2873.0757575757575,3305.908653846154,2487.431818181818,2102.7727272727275,3203.0675675675675,3424.373873873874,2474.659663865546,3267.7922252010726,5017.166666666667,3271.3733974358975
"Wuppertal, Stadt",3466.816025067144,3631.836405529954,3219.7813765182186,3574.2804878048782,2679.0714285714284,2349.2654320987654,3455.1052631578946,3868.484693877551,2636.090277777778,3476.946540880503,5307.974226804124,3332.881507381507
Kleve,2957.3847209515097,3086.1233243967827,2597.5588235294117,3075.3712667353243,2171.3969465648856,2272.5238095238096,2971.6077844311376,3312.005681818182,2253.8216783216785,3053.1269185360093,4589.041666666667,3133.7481412639404
Mettmann,3549.264906303237,3720.4309749784297,3211.3644859813085,3661.3779971791255,2784.0341365461845,2377.830508474576,3555.8794992175276,3862.161807580175,2690.1860986547085,3476.7772351615326,5667.817708333333,3575.82637075718
Rhein-Kreis Neuss,3529.0776235906333,3751.217852684145,3129.365336658354,3654.939024390244,2584.955958549223,2324.0416666666665,3524.22304199773,3977.8972602739727,2656.074324324324,3503.5830280830282,5629.964285714285,3669.1333084391335
Viersen,3015.9158215010143,3116.616005873715,2764.060885608856,3122.9147727272725,2239.4802631578946,2181.85593220339,3031.7073669849933,3329.964285714286,2264.6935483870966,3090.6706231454004,4629.666666666667,3373.2687626774846
Wesel,3133.566914498141,3291.087885985748,2811.0532786885246,3235.929447852761,2296.5,2281.5714285714284,3127.5216962524655,3540.391304347826,2352.6739130434785,3192.618226600985,5062.568965517241,3452.3375540457073
"Bonn, Stadt",3986.3014646053703,4335.672413793103,3638.090711175617,4065.0324347093515,3156.6475409836066,2630.682926829268,4040.777777777778,4282.256756756757,2875.923728813559,3531.65763546798,5200.432795698925,3807.9769433465085
"Köln, Stadt",3769.6772151898736,4036.823155216285,3434.6383812010445,3915.4274310595065,2790.5153609831027,2406.536931818182,3780.26224577485,4310.8105095541405,2736.719262295082,3580.7178318135766,5193.77027027027,3666.3085861846353
"Leverkusen, Stadt",4300.578369905956,4632.68085106383,3708.0242718446602,4479.2,3063.8720930232557,2467.6875,4278.3138528138525,5019.635802469136,2730.9545454545455,4041.2442748091603,> 6.500,3619.2741312741314
Städteregion Aachen,3458.7436793975257,3678.1279069767443,3112.501594896332,3529.7133176193283,2812.639423076923,2392.6130952380954,3485.433426769446,3784.8373493975905,2529.960580912863,3289.3506163886873,4897.674657534247,3445.129938786867
Düren,3318.2461139896373,3453.150897226754,2983.2464788732395,3384.4793281653747,2561.3024691358023,2398.6060606060605,3322.4251336898396,3646.676470588235,2556.11797752809,3313.185337726524,5313.367647058823,3371.058739255014
Rhein-Erft-Kreis,3250.2269890795633,3427.2419354838707,2898.8256351039263,3393.363436123348,2398.7974910394264,2270.5,3250.3163693599163,3679.7194092827003,2468.325112107623,3320.402634593356,4986.665048543689,3553.7999308914996
Euskirchen,3151.4661835748793,3310.804449648712,2814.5625,3213.327715355805,2396.3333333333335,2428.8333333333335,3172.8799126637555,3404.785714285714,2578.5864197530864,3195.983193277311,4706.910256410257,3314.4035667107
Heinsberg,3003.6045751633987,3131.8366336633662,2682.9074074074074,3087.8348017621147,2407.5454545454545,2339.0714285714284,3017.1811846689898,3358.529197080292,2322.198113207547,3082.2590987868284,4724.5,3202.4294377067254
Oberbergischer Kreis,3422.756097560976,3618.3617992177315,2897.2241379310344,3477.336832061069,2728.4850746268658,2525.3333333333335,3476.257575757576,3649.3805970149256,2582.5736434108526,3360.132768361582,4829.392215568862,3352.8931623931626
Rheinisch-Bergischer Kreis,3293.3214285714284,3442.7297297297296,3020.0247933884298,3348.6551204819275,2732.318181818182,2400.152777777778,3324.3596491228072,3551.506711409396,2638,3217.2279411764707,4979.98717948718,3703.2883396704688
Rhein-Sieg-Kreis,3167.5911949685533,3309.6624365482235,2865.091836734694,3264.5243902439024,2374.418269230769,2313.3125,3187.4107744107746,3484.6442953020132,2427.3939393939395,3165.0713107996703,4859.041666666667,3494.656908665105
"Bottrop, Stadt",3188.284090909091,3320.338056680162,2890.0833333333335,3250.2340425531916,2718.7926829268295,2336.75,3190.7884615384614,3540.5,2810.1153846153848,3251.6363636363635,4798.119047619048,3427.4181585677748
"Gelsenkirchen, Stadt",3286.984771573604,3405.451690821256,3099.4539748953976,3373.697852760736,2535.794117647059,2306.8829787234044,3269.026405451448,3707.0705128205127,2322.2741935483873,3326.0102040816328,5097.659090909091,3146.9113389626054
"Münster, Stadt",3530.891506303915,3741.538961038961,3283.8870967741937,3621.6465451784356,2263.587248322148,2540.6162790697676,3526.6333914559723,4039.3513513513512,2300.6937984496126,3407.4693094629156,5025.23309608541,3549.421971252567
Borken,3178.5609492988133,3339.0198555956677,2601.279376498801,3229.8520578420466,2422.2261904761904,2522.3614718614717,3228.279745042493,3423.897435897436,2451.4803921568628,3200.307938540333,4826.851351351352,3244.4584472389283
Coesfeld,3084.1479902557858,3226.6617100371745,2671.9285714285716,3167.585597826087,2041.968253968254,2392.1666666666665,3115.2727272727275,3396.1018518518517,2316.0797101449275,3143.294376098418,4583.343137254902,3364.705882352941
Recklinghausen,3186.8829093281147,3310.261663286004,2944.541450777202,3303.2580071174375,2283.0991189427314,2288.595238095238,3152.5590868397494,3679.9425087108016,2405.296511627907,3235.5869925434963,5149.574074074074,3353.700934579439
Steinfurt,3050.816646562123,3202.352574102964,2615.5224215246635,3139.0281385281387,2176.340336134454,2362.6173469387754,3084.40549273021,3314.785714285714,2292.3141592920356,3094.0855263157896,4718.420353982301,3156.446791862285
Warendorf,3297.0776699029125,3437.3286445012786,2875.159090909091,3368.6841563786006,2359.7105263157896,2519.887755102041,3314.1944818304173,3547.334061135371,2308.1530612244896,3311.7986270022884,5250.009803921569,3286.053772070626
"Bielefeld, Stadt",3388.6589618815897,3555.782152230971,3077.6348314606744,3498.9130255564714,2303.0862068965516,2251.12893081761,3403.811965811966,3760.5,2354.109625668449,3333.293209876543,4881.5283687943265,3339.3630009319663
Gütersloh,3231.331503841932,3385.7691218130312,2744.988536155203,3446.9500601684717,1976.8181019332162,2281.2038834951454,3272.6195652173915,3527.1666666666665,2250.1323529411766,3353.103448275862,5260.780373831775,3206.705673758865
Herford,3131.4568480300186,3265.7302631578946,2793.794701986755,3203.438144329897,2337.1279069767443,2358.5882352941176,3155.392037786775,3329.453488372093,2412.237089201878,3166.7805662805663,4740.579365079365,3177.9547187797903
Höxter,2989.6762452107278,3100.6724137931033,2545.03642384106,3012.0107913669067,2403.5,2382.6428571428573,3007.4411764705883,3186.3796296296296,2378.801886792453,2995.277777777778,4580.045454545455,3123.5859375
Lippe,3290.9311039484287,3411.1456776947707,3010.2150259067357,3340.390829694323,2472.4135802469136,2459.75,3316.5592255125284,3475.7830188679245,2520.4579831932774,3291.049102428722,5177.166666666667,3278.5662020905925
Minden-Lübbecke,3210.566371681416,3344.5298507462685,2867.309116809117,3261.368754660701,2281.1521739130435,2355.8571428571427,3242.326437941473,3401.3964143426297,2395.7127659574467,3182.7286263208453,5184.005154639175,3159.0585585585586
Paderborn,3170.1534234995775,3301.3896797153025,2797.425566343042,3231.1306306306305,2381.172268907563,2383.7758620689656,3222.1334894613583,3374.2028301886794,2384.1309523809523,3106.4811122770197,4861.181818181818,3232.552896725441
"Bochum, Stadt",3355.158385093168,3488.992597577389,3142.735294117647,3423.7012750455374,2514.939655172414,2287.8931623931626,3343.781938325991,3724.3869863013697,2495.7272727272725,3284.4228295819935,4807.302721088436,3469.390224358974
"Dortmund, Stadt",3395.927526291724,3547.6308186195824,3167.488778054863,3510.453703703704,2364.011029411765,2210.5785340314137,3406.554036024016,3852.7943037974683,2250.8588516746413,3340.163608562691,5046.7962962962965,3310.729566094854
"Hagen, Stadt der FernUniversi.",3350.024158125915,3515.5210084033615,3009.927966101695,3431.9945226917057,2623.8766233766232,2245.3275862068967,3336.9688128772636,3751.6075949367087,2450.8164556962024,3374.9377162629758,4943.424528301887,3270.6785714285716
"Hamm, Stadt",3099.334196891192,3218.3670360110805,2814.0752688172042,3203.162721893491,2369.029411764706,2223.2272727272725,3089.376146788991,3547.7727272727275,2363.176056338028,3143.7645631067962,4963.78125,3115.0253682487723
"Herne, Stadt",3319.469298245614,3422.330985915493,3111.328025477707,3415.3399014778324,2573.1923076923076,2362.21875,3277.378612716763,3789.6975308641977,2631.269230769231,3339.015406162465,5253.625,3181.222891566265
Ennepe-Ruhr-Kreis,3352.7361359570664,3500.7890173410406,3006.3309037900876,3415.65231092437,2805.2131147540986,2399.8333333333335,3344.550480769231,3633.9008097165993,2725.6953125,3333.4113924050635,5093.833333333333,3488.940170940171
Hochsauerlandkreis,3278.3598484848485,3422.2497556207236,2764.2622149837134,3321.0683624801272,2609.9086021505377,2530.4632352941176,3304.59715407262,3514.367924528302,2656.1306306306305,3283.816582914573,4886.958333333333,3286.792834890966
Märkischer Kreis,3410.426262053318,3624.749797242498,2862.0550755939526,3478.543753963221,2900.1323529411766,2504.191275167785,3435.0686274509803,3643.8802816901407,2708.5479452054797,3459.301498127341,5410.8515625,3369.6961852861036
Olpe,3400.4690976514216,3608.4,2806.5185185185187,3473.7954545454545,2706.4859154929577,2696.4302325581393,3454.960966542751,3586.2421875,2821.231707317073,3458.925414364641,5184.666666666667,3497.131205673759
Siegen-Wittgenstein,3508.485584218513,3725.0385450597178,2936.939393939394,3565.0446880269815,2757.471153846154,2657.230769230769,3535.7729145211124,3782.9909747292418,2764.346153846154,3496.9055299539173,5177.56611570248,3483.5294802172225
Soest,3263.467289719626,3452.423076923077,2754.030534351145,3319.3963963963965,2523.8644859813085,2316.125,3297.212158808933,3494.3025210084033,2459.2719298245615,3212.6015348288074,5452.642857142857,3293.189929328622
Unna,3039.035800482703,3180.4132947976877,2750.3295454545455,3163.1495726495727,2299.962365591398,2218.1470588235293,3041.464172813488,3467.616182572614,2286.6111111111113,3114.278409090909,4738,3282.373167155425
"Darmstadt, Wissenschaftsstadt",4308.544982698962,4665.932960893855,3737.0683229813662,4416.888400702987,3411.9583333333335,2716.316326530612,4355.582135523614,4770.738095238095,2648.4508196721313,3826.105326876513,5729.09375,3983.7758620689656
"Frankfurt am Main, Stadt",4306.979198767334,4683.961101646792,3812.4753086419755,4640.7099236641225,2947.3129571577847,2514.485507246377,4343.616740088106,4841.523166023166,2760.4794238683126,3914.1374133949193,5774.719359875097,3970.214144898965
"Offenbach am Main, Stadt",3564.099348534202,3768.012077294686,3327.8255813953488,3924.5853658536585,2395.7830188679245,2308.8333333333335,3538.3006872852234,4180.37012987013,2193.5232558139537,3564.6705069124423,5347.375,3045.6698513800425
"Wiesbaden, Landeshauptstadt",3855.30464625132,4093.478003384095,3561.5745614035086,4034.7175777063235,2730.7395209580836,2486.0392156862745,3843.788590604027,4395.1100917431195,2545.4612403100773,3649.0997267759562,5144.119791666667,3639.747669773635
Bergstraße,3127.1304347826085,3281.6331775700933,2804.1324786324785,3337.804347826087,2323.8333333333335,2268.3571428571427,3153.134011090573,3467.936974789916,2321,3141.0697445972496,5031.243243243243,3584.426302414231
Darmstadt-Dieburg,3211.930575035063,3335.7697095435683,2956.4288537549405,3397.400826446281,2439.5,2284.2078651685392,3248.013812154696,3508.639534883721,2477.030612244898,3205.9158607350096,5048.648148148148,3627.2020089285716
Groß-Gerau,3683.1005961251863,3902.83843537415,3222.3106995884773,4031.7246278755074,2507.526627218935,2309.9086021505377,3666.4584980237155,4237.350649350649,2513.281954887218,3652.0495867768595,6220.528409090909,3532.2375886524824
Hochtaunuskreis,4125.223101265823,4443.590062111802,3692.793906810036,4309.291208791209,3125.5,2436.174157303371,4196.763157894737,4572.615384615385,2521.823529411765,3623.084541062802,5758.797872340426,4173.610151187905
Main-Kinzig-Kreis,3229.003937007874,3346.9901477832514,2962.2052023121387,3394.9949954504095,2458.198675496689,2454.191275167785,3254.530501089325,3535.9508196721313,2387.4444444444443,3246.7662337662337,5544.686046511628,3454.6271347248576
Main-Taunus-Kreis,4178.2183600713015,4447.588607594937,3794.2062937062938,4440.892561983471,3029.006097560976,2372.1417910447763,4250.166666666667,4690.425373134329,2654.994382022472,3607.0476190476193,5790.580971659919,4223.490654205608
Odenwaldkreis,3044.688191881919,3233.9821428571427,2520.7702702702704,3170.1682464454975,2410.3360655737706,2260.5,3068.0414364640883,3452.8809523809523,2551.3064516129034,3103.893665158371,4783.833333333333,3241.243440233236
Offenbach,3601.572080291971,3781.1015037593984,3281.7165775401068,3870.6063829787236,2583.385304659498,2422.1666666666665,3632.2583732057415,3928.7738095238096,2563.9328358208954,3497.689349112426,5481.975903614458,3570.139598540146
Rheingau-Taunus-Kreis,3236.4080188679245,3347.2131474103585,3043.625,3398.5377906976746,2403.9210526315787,2358,3245.3248407643314,3622.1101694915255,2355.688679245283,3200.5,4778.086206896552,3732.457773512476
Wetteraukreis,3237.09375,3372.6206581352835,2937.210037174721,3354.0664335664337,2405.844827586207,2312.2283950617284,3248.294117647059,3557.2484662576685,2408.668316831683,3207.212962962963,4945.7054794520545,3538.2906976744184
Gießen,3333.571862348178,3466.872053872054,3097.5833333333335,3416.3895705521472,2383.756880733945,2493.7065217391305,3342.5788770053477,3646.823529411765,2494.712962962963,3277.532520325203,4811.28431372549,3398.820693391116
Lahn-Dill-Kreis,3405.9060913705584,3594.875,2911.2894736842104,3479.0714285714284,2519.029411764706,2523.3395061728397,3447.5246238030095,3648.8918128654973,2598.1190476190477,3391.3312182741115,5229.216216216216,3405.6941747572814
Limburg-Weilburg,3056.737322515213,3179.7091836734694,2770.1428571428573,3173.8870967741937,2201.095238095238,2259.195652173913,3101.466850828729,3373.4166666666665,2212.242424242424,3064.147642679901,4885.368421052632,3373.445804195804
Marburg-Biedenkopf,3440.685601799775,3612.940570522979,2962.8540856031127,3503.293453724605,2716.7087912087914,2669.902985074627,3486.4439124487003,3631.8333333333335,2759.1693548387098,3426.1130790190737,5048.3125,3496.8011542497375
Vogelsbergkreis,3042.2771883289124,3165.7217741935483,2655.663043478261,3095.0723684210525,2275.5,2370.5,3077.380530973451,3240.3026315789475,2379.964285714286,3050.2619047619046,4379.847826086957,3152.1978922716626
"Kassel, documenta-Stadt",3499.781466798811,3709.6695501730105,3174.08934169279,3577.268292682927,2324.742424242424,2424.029411764706,3513.5665722379604,3852.0822784810125,2234.25,3406.1742323097465,5121.804347826087,3348.11690647482
Fulda,3046.0648720211825,3172.4182389937105,2677.9,3123.1295210166177,2246.421985815603,2366.9583333333335,3103.0344180225284,3234.25,2286.546511627907,3007.5971184631803,4411.343373493976,3152.3853305785124
Hersfeld-Rotenburg,2958.851409978308,3141.3088235294117,2553.7552083333335,3122.316037735849,2102.9886877828053,2261.409090909091,2980.814371257485,3211.644578313253,2156.867924528302,3105.7292263610316,4831.181818181818,3080.239336492891
Kassel,3555.635440180587,3858.9375,2813.2551020408164,3669.298449612403,2391.525641025641,2633.0471698113206,3649.184210526316,3627.814814814815,2299.6666666666665,3615.810650887574,5405.857142857143,3484.912832929782
Schwalm-Eder-Kreis,3098.1111111111113,3210.604529616725,2884.3541666666665,3187.4871794871797,2207.467213114754,2472.7727272727275,3154.9117647058824,3262.0384615384614,2283.0396825396824,3117.4402985074626,4729.071428571428,3336.78640776699
Waldeck-Frankenberg,3179.600529100529,3397.3354430379745,2622.021739130435,3242.9740484429067,2232.318181818182,2480.3387096774195,3220.8855140186915,3379.1624203821657,2590.0833333333335,3169.127450980392,5002.527027027027,3241.534226190476
Werra-Meißner-Kreis,2913.0486381322958,3035.4489795918366,2547.756097560976,2947.7782258064517,2225.5,2297.722222222222,2930.71978021978,3148.372340425532,2080.2619047619046,2923.6991525423728,4237.45652173913,3047.7305389221556
"Koblenz, kreisfreie Stadt",3463.3040973111397,3691.637566137566,3145.1043165467627,3530.7842565597666,2377.2241379310344,2328.6746031746034,3486.59576427256,3820.311320754717,2296.035714285714,3361.0337078651687,5017.623287671233,3265.7088772845955
Ahrweiler,3018.6360201511334,3136.0454545454545,2719.077981651376,3095.486263736264,2331.1451612903224,2320.2368421052633,3045.4640287769785,3294.1567164179105,2331.0555555555557,3013.3105590062114,4390.272727272727,3242.6641791044776
Altenkirchen (Westerwald),3143.3776290630976,3270.9615384615386,2730.628205128205,3186.7101313320827,2551.9423076923076,2497.669811320755,3189.477832512315,3307.871794871795,2544.7028985507245,3162.1145833333335,4841.125,3215.6754385964914
Bad Kreuznach,3228.9332688588006,3382.1624365482235,2877.0723270440253,3320.563025210084,2348.4166666666665,2292.7413793103447,3252.784263959391,3535.4056603773583,2403.801886792453,3262.5710784313724,4838.892857142857,3294.609947643979
Birkenfeld,2957.150641025641,3066.5377358490564,2631.2926829268295,3007.6311475409834,2131.75,2272.051724137931,2969.9444444444443,3159.993670886076,2194.8548387096776,2969.515444015444,4328.441176470588,3011.916184971098
Cochem-Zell,2950.101063829787,3133.5536912751677,2519.991525423729,3021.951612903226,2115.5,2325.5,2970.016129032258,3181.9102564102564,2247.722222222222,2976.2267441860463,4563,3102.6739130434785
Mayen-Koblenz,3076.934948979592,3165.535906642729,2810.085492227979,3177.005602240896,2324.1328125,2306.1372549019607,3115.4305555555557,3324.4837398373984,2447.782608695652,3128.1666666666665,4582.642857142857,3280.868487928844
Neuwied,3199.2938596491226,3355.645413870246,2840.4122807017543,3276.601694915254,2449.228813559322,2418.6372549019607,3242.2664670658683,3424.5384615384614,2505.5438596491226,3226.8489208633096,4846.59375,3252.946808510638
Rhein-Hunsrück-Kreis,3109.1458333333335,3261.404255319149,2521.125,3199.9949494949497,2204.9117647058824,2330.987804878049,3159.9051446945336,3299.413043478261,2320.2916666666665,3140.574441687345,4594.5,3211.090277777778
Rhein-Lahn-Kreis,3106.600795755968,3210.5806451612902,2855.839805825243,3183.268361581921,2225.5,2438.625,3115.0833333333335,3389.09649122807,2388,3132.75,4674.538461538462,3223.478723404255
Westerwaldkreis,3056.425030229746,3187.6748554913293,2614.1029411764707,3137.682061579652,2451.200934579439,2378.740740740741,3106.6666666666665,3230.4212598425197,2423.3395061728397,3095.3660714285716,4526.28125,3198.299385875128
"Trier, kreisfreie Stadt",3217.4523809523807,3382.1254416961133,3010.191629955947,3282.1283924843424,2257.5754716981132,2375.909836065574,3229.4713541666665,3674.897590361446,2226.377192982456,3173.439262472885,4754.136363636364,3021.0128205128203
Bernkastel-Wittlich,2978.7631578947367,3113.4333333333334,2587.0963855421687,3076.001002004008,2115.2727272727275,2334.759259259259,3019.7957746478874,3163.641025641026,2388.9328358208954,3016.8815789473683,4350.5,3021.273930753564
Eifelkreis Bitburg-Prüm,3225.1387283236995,3395.7928870292885,2676.28125,3305.081993569132,2240.925531914894,2529.4772727272725,3271.156779661017,3483.1666666666665,2344.25,3262.9548736462093,4640.205882352941,3141.671328671329
Vulkaneifel,3062.5,3220.317073170732,2573.294117647059,3137.3119266055046,2186.0263157894738,2426.9285714285716,3106.9236111111113,3257.6428571428573,2503.277777777778,3104.40625,4498.9375,3127.889705882353
Trier-Saarburg,2983.955882352941,3109.5361445783133,2624.938202247191,3068.600890207715,2224.6071428571427,2444.521739130435,3028.340909090909,3206.2017543859647,2387.6794871794873,3039.875,4162.4047619047615,3222.2479674796746
"Frankenthal (Pfalz), kr.f. St.",3261.644578313253,3470.8333333333335,2912.7340425531916,3580.9054054054054,2230.7884615384614,2166.219696969697,3319.026785714286,3970.5,2172.234693877551,3362.3279569892475,5486.214285714285,3427.2441860465115
"Kaiserslautern, kreisfr. Stadt",3482.4962686567164,3691.253424657534,3109.234939759036,3538.2697841726617,2574.5196078431372,2399.2804878048782,3460.279792746114,3842.237288135593,2470.9545454545455,3375.281181619256,4819.590909090909,3246.065749235474
"Landau in der Pfalz, kr.f. St.",3097.5,3186.6328125,2934.0526315789475,3218.422374429224,2256.951612903226,2256.5,3139.766304347826,3441.409090909091,2376.068181818182,3135.5260416666665,4552.423076923077,3325.215909090909
"Ludwigshafen am Rhein, Stadt",4714.590909090909,5118.836575875486,3669.582125603865,4941.757668711656,2901.5,3005.9347826086955,4662.6621621621625,5502.61038961039,2445.078313253012,4502.125,> 6.500,3385.7443609022557
"Mainz, kreisfreie Stadt",3599.592849519744,3740.3689516129034,3449.4491150442477,3751.425925925926,2623.54469273743,2420.9861111111113,3579.027397260274,4169.555944055944,2561.0555555555557,3454.1670918367345,5004.98717948718,3799.378205128205
"Neustadt an der Weinstraße,St.",3015.747252747253,3108.8333333333335,2891.525641025641,3176.698630136986,1848.0409836065573,2244.25,3006.9338235294117,3402.627659574468,2400.5,3098.603448275862,4413.735294117647,3289.5151515151515
"Pirmasens, kreisfreie Stadt",3113.5434782608695,3256.5064935064934,2771.8636363636365,3145.903587443946,2414.785714285714,2245.8125,3123.5994152046783,3290.155172413793,2332.230769230769,3119.0792349726776,4688.6578947368425,2843.763473053892
"Speyer, kreisfreie Stadt",3485.222222222222,3645.34375,3204.5,3596.409090909091,2837.5689655172414,2815.0833333333335,3505.1626984126983,3836.9864864864867,2746.75,3470.1363636363635,5141.846153846154,3514.8835616438355
"Worms, kreisfreie Stadt",3169.742424242424,3294.075418994413,2890.1341463414633,3390.8625954198474,2113.1984126984125,2151.214285714286,3180.9347826086955,3585.5,2314.590909090909,3313.857843137255,4959.875,3224.0062893081763
"Zweibrücken, kreisfreie Stadt",3488.635593220339,3827.8622047244094,2674.6071428571427,3546.459595959596,2988,2350.5,3544.5,3659.7105263157896,2070.1428571428573,3469.5860215053763,5029.346153846154,3241.5550458715597
Alzey-Worms,2921.1560283687945,2981.4210526315787,2769.6176470588234,3123.1653696498056,2110.004132231405,2190.6162790697676,2954.291469194313,3194.1363636363635,2302.423076923077,3028.277777777778,4597.558823529412,3485.275641025641
Bad Dürkheim,3013.1428571428573,3105.69801980198,2804.9871794871797,3133.008532423208,2295.5,2321.9285714285716,3029.3,3256.269230769231,2438,3061.802681992337,4368.555555555556,3686.967889908257
Donnersbergkreis,3511.3225108225106,3721.639705882353,2989,3560.695530726257,2630.8571428571427,2495.1428571428573,3564.5070921985816,3648,2619.9444444444443,3507.662162162162,5450.5,3511.412052117264
Germersheim,3813.9345794392525,4164.293103448276,2973.9756097560976,4036.73046875,2915.5,2547.8684210526317,3954.7892156862745,3965.205882352941,2846.0555555555557,3983.408163265306,5619.25,3542.659090909091
Kaiserslautern,2981.2065217391305,3077.241293532338,2676.9150943396226,3061.6328125,2264.785714285714,2212.0384615384614,2973.5158730158732,3288.480769230769,2244.1170212765956,2928.670731707317,4289.388888888889,3399.269574944072
Kusel,2993.4640718562873,3058.3260869565215,2871.578431372549,3027.324817518248,X,2408.8333333333335,3027.4662921348313,3114.785714285714,X,3013.10162601626,4533.833333333333,3409.343537414966
Südliche Weinstraße,3074.313559322034,3221.4302325581393,2717.272151898734,3190.9647435897436,2311.3490566037735,2335.844827586207,3111.5262008733625,3308.9615384615386,2397.451219512195,3118.77731092437,4595.142857142857,3450.086776859504
Rhein-Pfalz-Kreis,2933.408163265306,2982.8732718894007,2776.6111111111113,3118.982905982906,2362.6428571428573,2269.4655172413795,2943.9931506849316,3192.0178571428573,2376.8888888888887,3017.9065420560746,5595.5,3894.651670951157
Mainz-Bingen,3482.7916666666665,3568.593385214008,3321.3333333333335,3603.0436046511627,2593.896226415094,2377.5,3526.676470588235,3770.9225352112676,2564.6509433962265,3322.4429347826085,6358.192307692308,3775.1113989637306
Südwestpfalz,2717.1666666666665,2843.9322033898306,2339.6129032258063,2762.7093023255816,2191.75,2203.625,2762.5967741935483,2793.0675675675675,2186.076923076923,2797.6854304635763,4092.1666666666665,3335.705479452055
"Stuttgart, Landeshauptstadt",4480.321650767317,5082.1051660516605,3716.2978723404253,4749.511752136752,3272.9817518248174,2822.6739130434785,4547.255202628697,4972.601449275362,3141.4188034188032,4064.9087837837837,5769.986143187067,4139.4954486345905
Böblingen,4742.502600780234,5353.631868131868,3462.6173469387754,5103.339116719243,3207.589552238806,2718.017006802721,4890.633779264214,5288.8223684210525,3059.082089552239,4286.188073394495,6391.3707865168535,4160.876282782212
Esslingen,3835.813688212928,4219.886637458927,3217.9886191198784,4095.316552901024,2925.921686746988,2651.0482456140353,3909.692139737991,4177.941077441077,2804.727053140097,3709.328522920204,5732.4672131147545,3916.375322997416
Göppingen,3541.6673553719006,3800.3191681735984,3004.203703703704,3717.1068866571018,2822.1589861751154,2665.016129032258,3585.2863247863247,3835.1428571428573,2777.9590163934427,3554.8391719745223,5115.777777777777,3616.8925438596493
Ludwigsburg,3791.710422163588,4135.029147982063,3262.1533864541834,4088.650425733207,2898.4119638826187,2592.30790960452,3881.8086303939963,4081.613537117904,2753.2397260273974,3578.5656303972364,6272.568403908795,3979.1955148452307
Rems-Murr-Kreis,3532.9723247232473,3783.4588014981273,3082.3897637795276,3751.5721757322176,2724.8263473053894,2627.9305555555557,3598.2623456790125,3779.2280701754385,2644.4306358381505,3499.1359360301035,5429.982758620689,3787.65953307393
"Heilbronn, Stadt",3491.8561847988076,3739.7330383480826,3203.391156462585,3743.112612612613,2370.465277777778,2488.8333333333335,3549.160714285714,3886.6111111111113,2165.925531914894,3482.6294559099438,5115.976190476191,3397.994669509595
Heilbronn,3847.455818965517,4297.595070422535,3076.791989664083,4101.942307692308,2755.3672566371683,2739.3429752066118,4002.0718562874254,3903.4761904761904,2568.3947368421054,3761.784046692607,6298.168393782384,3694.9469223907226
Hohenlohekreis,3654.7836041358937,3878.631634819533,3159.698113207547,3783.484949832776,2802.722222222222,2900.847222222222,3737.554507337526,3820.247899159664,3212.4565217391305,3676.301886792453,5103.865384615385,3587.8853211009173
Schwäbisch Hall,3401.105326876513,3641.937728937729,2825.104743083004,3580.544510385757,2358.3025477707006,2660.1330275229357,3477.9764150943397,3582.7413793103447,2475.0145631067962,3439.8283582089553,5413.192307692308,3420.724395857307
Main-Tauber-Kreis,3304.351640513552,3483.900402414487,2773.043352601156,3395.5148809523807,2350.7976190476193,2627.1129032258063,3357.0280464216635,3502.5661157024792,2385.3214285714284,3293.8873720136517,4862.264705882353,3306.1646525679757
Heidenheim,3678.1470588235293,3969.228813559322,3149.184210526316,3870.8125,2646.477011494253,2650.090163934426,3737.674721189591,3996.0729166666665,2872.1666666666665,3570.3387096774195,6286.820754716981,3534.3122605363983
Ostalbkreis,3801.6431411530816,4101.335866261398,3144.0344827586205,3943.7940516273848,2852.7727272727275,2844.301652892562,3902.51317715959,4056.6258278145697,2755.1875,3707.0710872162485,6088.806451612903,3781.3383233532936
"Baden-Baden, Stadt",3421.9285714285716,3670.2916666666665,3012.2021276595747,3584.5038314176245,2687.1071428571427,2524.4583333333335,3435.677865612648,3730.5,2468.3571428571427,3363.3228782287824,4873.227272727273,3487.375
"Karlsruhe, Stadt",3783.7475994513034,4081.6331775700933,3401.0977496483824,3926.8192041522493,2948.3260869565215,2720.876712328767,3840.4752475247524,4070.2147651006712,2873.0746268656717,3569.358845096242,5147.9789915966385,3802.401874310915
Karlsruhe,3415.170868347339,3656.5372340425533,2905.4544419134395,3632.483240223464,2512.873737373737,2476.6428571428573,3472.708969465649,3665.165354330709,2351.992537313433,3363.1702997275206,5332.556451612903,3587.4834710743803
Rastatt,3877.3365817091453,4245.39010989011,3094.125,4112.550739957716,3073.1993865030677,2689.048387096774,4011.634903640257,4021.0882352941176,3030.9245283018868,3875.5,5708.02427184466,3689.040478905359
"Heidelberg, Stadt",3772.5588235294117,4158.108695652174,3455.0402298850577,3848.2348993288592,3133.8333333333335,2720.6388888888887,3813.2,4100.3,2739.7241379310344,3482.8924731182797,4999.071428571428,4134.755725190839
"Mannheim, Universitätsstadt",3906.2949479940567,4198.037878787879,3474.2241379310344,4119.592153284671,2785.2336065573772,2638.5102040816328,3919.5360272638754,4432.822175732217,2715.254098360656,3738.0349487418453,5513.63025210084,3658.1098326359834
Neckar-Odenwald-Kreis,3246.4150326797385,3420.7380952380954,2748.562015503876,3362.0720524017465,2383.3488372093025,2559.5425531914893,3284.238601823708,3490.949438202247,2470.7380952380954,3305.9668304668303,4807.2307692307695,3398.5462519936204
Rhein-Neckar-Kreis,3656.3153973509934,3929.377171215881,3211.7676056338028,3784.537001897533,2908.0949367088606,2536.694029850746,3732.6269487750556,3909.412037037037,2732.6678321678323,3368.6162587412587,6080.544843049327,3710.0592614651578
"Pforzheim, Stadt",3373.6958762886597,3670.175925925926,2977.6,3563.933609958506,2602.795918367347,2474.1363636363635,3440.462121212121,3643.0233644859813,2444.597222222222,3384.788990825688,4692.779411764706,3162.0125240847783
Calw,3292.862428842505,3511.9478114478115,2910.695530726257,3425.2722095671984,2682.8394495412845,2624.6935483870966,3361.1,3445.6923076923076,2677.6929824561403,3324.8619489559164,4764.136363636364,3528.479876160991
Enzkreis,3384.3963963963965,3620.206498951782,2802.828431372549,3571.3494208494208,2636.9864864864867,2608.2380952380954,3450.973484848485,3589.1690647482014,2603.308988764045,3438.9502923976606,4861.295454545455,3656.3310991957105
Freudenstadt,3519.996487119438,3896.3823529411766,2732.051724137931,3704.9235924932977,2405.0454545454545,2660.4137931034484,3595.534843205575,3760.8571428571427,2422,3577.1355140186915,5426.141025641025,3527.717741935484
"Freiburg im Breisgau, Stadt",3586.8966770508828,3824.4864864864867,3312.9193548387098,3714.8229166666665,2647.6830985915494,2513.2155172413795,3620.246376811594,3937.4942196531792,2428.070093457944,3424.9701986754967,4834.293103448276,3499.9533527696794
Breisgau-Hochschwarzwald,3177.5921610169494,3345.5826446280994,2793.6654676258995,3319.478873239437,2562.792817679558,2495.1236559139784,3227.9609375,3345.1774193548385,2641.4523809523807,3186.9255014326645,4616.544776119403,3340.4627263045795
Emmendingen,3290.285831960461,3450.633689839572,2959.3757396449705,3416.79711751663,2552.717741935484,2599.5,3356.112244897959,3445.160194174757,2531.2377049180327,3242.540358744395,5057.444444444444,3386.0985915492956
Ortenaukreis,3287.718225419664,3489.5625,2811.535313001605,3432.587270705948,2560.9751619870412,2525.7155172413795,3340.674456879526,3504.0618279569894,2513.235849056604,3351.867781155015,4658.301418439716,3368.9592296148076
Rottweil,3510.477908689249,3814.054987212276,2880.7696078431372,3652.5114942528735,2637.7844827586205,2794.7622950819673,3578.9675615212527,3680.9054054054054,2726.1493506493507,3530.246240601504,5297.239130434783,3546.5876369327075
Schwarzwald-Baar-Kreis,3363.610749185668,3654.631175468484,2854.5431266846363,3513.089285714286,2554.0714285714284,2615.8508771929824,3419.128808864266,3583.0641025641025,2520.6013513513512,3383.945040214477,5212.143835616438,3382.733502538071
Tuttlingen,3606.769230769231,3938.1984126984125,3018.453667953668,3805.1594982078855,2781.257575757576,2854.9871794871797,3706.388223552894,3730.9824561403507,2858.593525179856,3671.9354527938344,5295.236842105263,3497.259259259259
Konstanz,3351.1866734486266,3616.3045977011493,2997.722222222222,3503.9493284493283,2601.822751322751,2475.317518248175,3376.3463541666665,3724.897590361446,2668.7377049180327,3316.5041841004186,4884.621621621622,3396.5205078125
Lörrach,3487.62976022567,3766.7663755458516,3013.539568345324,3656.1239015817223,2671.467741935484,2579.0714285714284,3539.645383104126,3827.537037037037,2594.686046511628,3492.7477064220184,5449.458333333333,3379.0714285714284
Waldshut,3209.4080459770116,3423.740469208211,2784.4473684210525,3373.0152129817443,2519.985294117647,2557.767441860465,3275.0635910224437,3451.5416666666665,2579.60447761194,3255.7410901467506,4824.693548387097,3187.7395833333335
Reutlingen,3591.2258064516127,3857.6485623003196,3145.683486238532,3753.4003783102144,2835.625,2593.1470588235293,3655.7464788732395,3900.3275862068967,2834.8984962406016,3497.4323394495414,5608.9051724137935,3660.691725529768
Tübingen,3582.528875379939,3859.650326797386,3297.0062111801244,3711.2606679035252,2910.463768115942,2629.768292682927,3645.6002227171493,3862.628712871287,2709.3414634146343,3447.114100185529,5061.302469135802,3841.451972555746
Zollernalbkreis,3367.8248882265275,3610.9743083003955,2861.7348178137654,3498.2083333333335,2678.9848484848485,2636.2558139534885,3430.4196787148594,3548.904255319149,2716.5714285714284,3397.6428571428573,5033.37037037037,3403.149625935162
"Ulm, Universitätsstadt",3756.0397727272725,4145.04094292804,3284.570796460177,4005.5085616438355,2528.650406504065,2609.7391304347825,3829.245644599303,4179.586538461538,2459.186440677966,3569.521739130435,5426.306451612903,3678.6091370558374
Alb-Donau-Kreis,3326.1843800322063,3513.321888412017,2795.2580645161293,3520.911089866157,2553.060975609756,2641.2894736842104,3383.3859060402683,3534.1065573770493,2508.8333333333335,3352.9257425742576,4892.166666666667,3592.965321563682
Biberach,3837.075255102041,4052.512711864407,3306.27731092437,3989.7547033285095,2712.7093023255816,2935.362385321101,3942.529616724739,3993.4078014184397,2853.0641025641025,3760.062607204117,5969.71768707483,3759.3215258855585
Bodenseekreis,4003.339756592292,4597.7622478386165,3103.719696969697,4220.6501154734415,2857.84375,2694.048387096774,4119.525974025974,4322.840425531915,2766.779069767442,3655.894190871369,6287.512987012987,3817.432270916335
Ravensburg,3337.768875192604,3543.7374541003674,2947.9056603773583,3457.1229656419528,2572.966960352423,2605.4679487179487,3408.218651211802,3573.653409090909,2502.72602739726,3297.9445515911284,4878.6578947368425,3458.465367965368
Sigmaringen,3403,3628.143504531722,2829.722972972973,3503.055110220441,2601.443396226415,2719.25,3471.612600536193,3532.7072072072074,2615.205882352941,3429.9578313253014,4943.357142857143,3396.191287878788
"Ingolstadt, Stadt",4896.903812824957,5356.58,3349.7914979757084,5132.559800664452,2688.657894736842,2798.5978260869565,5136.448905109489,5057.4078947368425,2349.25,4593.238970588235,> 6.500,4137.069579288026
"München, Landeshauptstadt",4306.955011911306,4816.863454618153,3758.7231538213478,4626.472037283622,3150.595907928389,2632.1901408450703,4413.744266778876,4713.061983471074,2786.046875,3769.9420477423064,5738.1004592422505,4139.700281425891
"Rosenheim, Stadt",3371.1521739130435,3618.3353658536585,3077.43661971831,3552.1932270916336,2455.37012987013,2522.0116279069766,3456.1772908366534,3769.991525423729,2160.5,3302.292828685259,4700.5,3211.9150943396226
Altötting,3638.6736526946106,3949.6071428571427,2939.0922330097087,3782.8469387755104,2795.205882352941,2727.9193548387098,3708.6983805668015,4372.027777777777,2695.03125,3574.322463768116,6386.809523809524,3453.649606299213
Berchtesgadener Land,3012.0338164251207,3242.814189189189,2533.1704545454545,3132.1473988439307,2451.7626262626263,2434.6666666666665,3070.330508474576,3239.346153846154,2378,3057.6428571428573,4491.125,3025.9364089775563
Bad Tölz-Wolfratshausen,3170.62012012012,3362.64859437751,2817.2241379310344,3375.3407643312103,2432.1666666666665,2517.623287671233,3237.640287769784,3502.554794520548,2413,3187.496336996337,4949.538461538462,3428.4131355932204
Dachau,3159.9418052256533,3272.173387096774,2938.1623376623374,3423.7680722891564,2521.439086294416,2494.4285714285716,3223.214285714286,3517.310344827586,2452.285714285714,3222.185082872928,5086.863636363636,3823.0510204081634
Ebersberg,3199.713075060533,3341.6870503597124,2934.8548387096776,3435.3856209150326,2525.5,2502.1233766233768,3263.645896656535,3570.03125,2448.969387755102,3221.0607476635514,4858.108695652174,3850.687969924812
Eichstätt,3324.79718875502,3528.8333333333335,2843.5989583333335,3457.9324324324325,2710.169811320755,2636.6979166666665,3451.7698412698414,3328.895061728395,2654.313559322034,3217.340731070496,4878.530303030303,4119.161971830986
Erding,3029.6071428571427,3116.268194070081,2821.0202312138726,3244.565934065934,2349.256906077348,2438.4518072289156,3084.8400447427293,3321.390410958904,2256.0555555555557,3114.7701525054467,4875.5,3580.5
Freising,3537.406584992343,3768.9729064039407,3106.172268907563,3831.244680851064,2650.3220640569393,2485.6485148514853,3621.9527027027025,3897.027777777778,2793.1136363636365,3424.9186046511627,5407.940476190476,3549.4774330042314
Fürstenfeldbruck,3257.3897637795276,3382.5175438596493,3017.6641791044776,3472.771573604061,2592.695767195767,2480.396907216495,3323.7954545454545,3528.6976744186045,2478.625,3231.75,4992.713114754099,3769.931818181818
Garmisch-Partenkirchen,2935.483498349835,3043.2419354838707,2760.5,3100.098393574297,2176.474025974026,2402.6186440677966,2986.316326530612,3204.8478260869565,2217.1666666666665,2961.9840989399295,4656.181818181818,3073.2868852459014
Landsberg am Lech,3393.9146341463415,3564.8835616438355,3033.0688073394494,3525.5,2554.365979381443,2600.5,3500.05035971223,3526.7295081967213,2518.2631578947367,3334.103896103896,4930.892156862745,3662.3055555555557
Miesbach,3173.780098280098,3303.2566539923955,2905.3387096774195,3322.8765432098767,2533.9239130434785,2443.7291666666665,3267.6511627906975,3369,2390.8846153846152,3086.035714285714,5607.375,3355.7710843373493
Mühldorf a.Inn,3180.364253393665,3361.660714285714,2791.006329113924,3343.2518427518426,2382.616788321168,2585.2402597402597,3244.7477876106195,3417.8529411764707,2538.3048780487807,3255.205882352941,4756.181818181818,3334.070075757576
München,4328.387139107612,4628.3633004926105,3846.6267605633802,4600.5,3144.146080760095,2621.653846153846,4423.883280757098,4738,2697.104938271605,3771.7843642611683,5934.236842105263,4202.0123456790125
Neuburg-Schrobenhausen,3269.20709382151,3424.2179487179487,2805.454954954955,3401.375796178344,2572.953703703704,2625.5,3339.1363636363635,3455.275280898876,2800.938596491228,3268.0867507886437,5702.673913043478,3524.387434554974
Pfaffenhofen a.d.Ilm,3339.821608040201,3515.681818181818,2957.9,3612.2138364779876,2459.1466165413535,2517.280821917808,3424.0236220472443,3654.468253968254,2491.9772727272725,3316.834355828221,6266.571428571428,3701.892572944297
Rosenheim,3114.160062565172,3293.3695652173915,2736.7459546925566,3238.8928571428573,2527.8923444976076,2503.1143790849674,3199.3333333333335,3251.568376068376,2538.347222222222,3116.34595959596,4734.136363636364,3377.747191011236
Starnberg,3784.1875,4126.310185185185,3321.6111111111113,3972.877049180328,2961.0392156862745,2558,3878.5188679245284,4029.796875,2581.2291666666665,3461.0187319884726,5556.2692307692305,3998.6967213114754
Traunstein,3357.0308988764045,3581.389145496536,2913.912017167382,3464.7109500805154,2624.5291262135925,2608.5508474576272,3439.0673624288424,3550.719298245614,2872.7972972972975,3289.4967637540453,5695.407407407408,3325.181753889675
Weilheim-Schongau,3610.8165938864627,3779.6935483870966,3230.8082191780823,3709.9362745098038,2792.9603174603176,2724.824324324324,3727.297385620915,3787.8333333333335,2994.9444444444443,3505.214640198511,5801.055555555556,3585.8950103950106
"Landshut, Stadt",3293.4268292682927,3475.222222222222,3056.9189189189187,3478.4545454545455,2266.125,2542.318181818182,3355.732558139535,3654.826923076923,2261.6111111111113,3278.5864197530864,5018.603448275862,3346.951612903226
"Passau, Stadt",3383.9862385321103,3696.179012345679,2881.996062992126,3500.6510574018125,2497.259259259259,2545.03125,3444.2743190661477,3789.25,2426.235294117647,3309.845047923323,4927.772727272727,3125.363387978142
"Straubing, Stadt",3102.992668621701,3244.582125603865,2842.1666666666665,3238.1106194690265,2114.293103448276,2383.1271186440677,3160.560975609756,3359.875,2203,3115.659574468085,4730.5,3002.554794520548
Deggendorf,3198.7701812191103,3350.0433789954336,2782.349315068493,3288.838788870704,2406.478260869565,2581.8432835820895,3267.9134419551933,3430.2169811320755,2396.244680851064,3197.9257425742576,4893.882352941177,3268.610918544194
Freyung-Grafenau,2884.198630136986,3057.4607843137255,2354.7035398230087,2976.7295081967213,2368.3571428571427,2448.3813559322034,2953.0862068965516,3084.1363636363635,2450.5,2900.109375,4327.423076923077,3097.162468513854
Kelheim,3184.6201716738196,3315.6459854014597,2748.549645390071,3288.1518218623482,2619.1170212765956,2606.1666666666665,3218.4756637168143,3399.2012987012986,2935.6063829787236,3199.921965317919,4836.863636363636,3367.5349907918967
Landshut,3190.491408934708,3358.0373134328356,2769.7073170731705,3390.4014778325122,2434.0069444444443,2584.7696629213483,3266.4876543209875,3407.2204301075267,2445.107843137255,3227.591439688716,5215.604166666667,3439.423076923077
Passau,2840.1028037383176,3026.9214046822744,2332.6153846153848,2955.9471544715448,2278.277777777778,2350.5,2897.217171717172,2981.9583333333335,2542.563492063492,2852.7321428571427,4653.725806451613,3092.633333333333
Regen,2976.6363636363635,3139.088850174216,2490.995867768595,3104.231343283582,2316.7337662337663,2525.9464285714284,3007.888663967611,3186.5576923076924,2418.735294117647,3001.359375,4606.75,3159.9117647058824
Rottal-Inn,2885.511061946903,3072.970238095238,2422.775641025641,2985.1195652173915,2172.1145833333335,2362.1822429906542,2962.3784530386743,3096.3333333333335,2236.4375,2936.3076009501187,4278.833333333333,3101.8691683569978
Straubing-Bogen,2935.041420118343,3134.8173431734317,2396.4375,3121.62462006079,2075.5,2527.722222222222,3007.2887931034484,3032.05737704918,2450.5,3030.5,4591.409090909091,3289.7523364485983
Dingolfing-Landau,4103.093360995851,4730.994505494506,2981.3252427184466,4594.9047619047615,2527.597902097902,2860.222222222222,4317.417293233083,4580.261904761905,3208.8333333333335,4419.567796610169,5979.346153846154,3385.8278688524592
"Amberg, Stadt",3558.264505119454,3796.7662337662337,3132.0789473684213,3624.8727598566306,2330.5,2681.75,3643.182926829268,3753.7894736842104,2932.318181818182,3445.2643979057593,5961.75,3260.4162011173185
"Regensburg, Stadt",3817.922434367542,4295.876016260163,3284.1746987951806,3976.556338028169,2605.6666666666665,2780.7884615384614,3952.9053627760254,4087.324324324324,2768.5851063829787,3603.546218487395,5721.236434108527,3633.815098468271
"Weiden i.d.OPf., Stadt",2928,3020.5,2775.757731958763,3036.214285714286,2089.8939393939395,2318.681818181818,2975.2816593886464,3166.7698412698414,2185.0588235294117,2931.7030075187968,4342.166666666667,2991.8888888888887
Amberg-Sulzbach,3213.1112759643916,3376.1153846153848,2716.858024691358,3280.635951661631,2526.75,2574.6803278688526,3266.0753968253966,3382.8863636363635,2768.8333333333335,3200.9355400696863,5070.142857142857,3386.361423220974
Cham,2930.137436762226,3112.57805907173,2417.7043010752686,3089.6527001862196,2137.84375,2440.3,3003.3656126482215,3122.669811320755,2251.815789473684,2972.483546617916,4420.5,3144.7561983471073
Neumarkt i.d.OPf.,3281.6495176848875,3431.6810154525388,2819.648936170213,3377.7727272727275,2477.7727272727275,2618.2710843373493,3366.003432494279,3501.3522727272725,2416.0405405405404,3281.8819577735126,4898.648148148148,3404.3585209003218
Neustadt a.d.Waldnaab,3062.6031746031745,3199.345108695652,2580.5,3171.2107843137255,2210.0238095238096,2604.8478260869565,3102.2175572519086,3215.651515151515,2404.346153846154,3043.9248554913293,4485.023809523809,3164.7634854771786
Regensburg,3194.0745140388767,3357.8529411764707,2755.5699300699303,3374.9884910485935,2371.9080459770116,2549.050724637681,3282.0826330532213,3306.0882352941176,2556.872549019608,3238.497658079625,5063.735294117647,3588.7879656160458
Schwandorf,3073.8024691358023,3285.082542694497,2591.7298387096776,3210.5326264274063,2327.9305555555557,2574.818181818182,3135.2623966942147,3225.5,2513.4411764705883,3118.489417989418,4672.375,3265.354570637119
Tirschenreuth,2973.0833333333335,3142.776422764228,2437.715909090909,3165.669491525424,2113.534188034188,2464.844262295082,3009.7105263157896,3193.5851063829787,2382.8529411764707,3028.9444444444443,4958.833333333333,3184.4385474860337
"Bamberg, Stadt",3426.1720430107525,3815.1017699115046,2930.839805825243,3543.194805194805,2144.907894736842,2523.3260869565215,3473.8271375464683,3861.8636363636365,2716.125,3371.9897260273974,4632.117647058823,3315.8846153846152
"Bayreuth, Stadt",3248.1394849785406,3434.5677966101694,2995.589285714286,3311.5344827586205,2105.5925925925926,2357.2708333333335,3302.0015015015015,3508.6632653061224,2186.9864864864867,3134.8994778067886,4975.5,3144
"Coburg, Stadt",3686.917322834646,3907.8204419889503,3272.7457627118642,3741.125,2230.5,2724.6666666666665,3785.6895734597156,3835.5,2286.6111111111113,3556.75,5561.529411764706,3282.4148936170213
"Hof, Stadt",2744.9656488549617,2838.8241758241757,2530.663043478261,2837.8456790123455,2145.5,2143.2419354838707,2745.5,3039.0135135135133,2177.3518518518517,2727.5100502512564,4238,2758.4656862745096
Bamberg,2968.2301255230127,3100.4281609195405,2545.5,3064.375,2288.686813186813,2479.5625,3027.830508474576,3105.8571428571427,2542.1666666666665,2994.5176322418138,5441.846153846154,3342.880560131796
Bayreuth,2933.3185328185327,3097.550561797753,2458.0842696629215,3008.901639344262,2149.8589743589746,2409.3709677419356,2986.1796116504856,3014.190476190476,2331.75,2952.9193548387098,4702.583333333333,3234.320459290188
Coburg,2756.690476190476,2896.653846153846,2363.681818181818,2777.824120603015,2367.891304347826,2319.6666666666665,2809.853146853147,2760.9651162790697,2236.3695652173915,2755.3630136986303,4478,3108.5555555555557
Forchheim,3203.026132404181,3424.962365591398,2693.1767676767677,3286.508230452675,2467.326923076923,2499.904761904762,3253.0862068965516,3469.25,2527.1666666666665,3098.0235849056603,6082.2307692307695,3609.668704156479
Hof,2771.7164750957854,2881.7820512820513,2456.4815950920247,2824.5918803418804,2238.6944444444443,2306.75,2824.7574257425745,2799.4690721649486,2211.6111111111113,2716.3333333333335,4693.882352941177,2850.5
Kronach,2803.1477832512314,2949.534749034749,2396.7903225806454,2827.378238341969,2334.5,2357.6428571428573,2872.8076923076924,2768.1020408163267,2430.3611111111113,2794.557971014493,4739.25,2865.714285714286
Kulmbach,3036.876021798365,3152.0151515151515,2736.7244897959185,3074.309523809524,2275.5,2508.8333333333335,3081.0555555555557,3178.3571428571427,2504.0714285714284,3008.277777777778,4661.214285714285,3074.132218844985
Lichtenfels,2817.2168674698796,2968.9633027522937,2432.396551724138,2879.844262295082,2115.295918367347,2373.2272727272725,2903.612449799197,2793.9375,2226.377192982456,2845.7830188679245,4610.916666666667,2928.891167192429
Wunsiedel i.Fichtelgebirge,2980.4882629107983,3128.1,2608.1446280991736,3086.7126245847176,2210.0588235294117,2516.472222222222,2994.6935483870966,3121.3333333333335,2505.0138888888887,2996.3933717579253,4885.5,2958.8333333333335
"Ansbach, Stadt",3280.1028880866425,3513,2945.5,3399.75,1874.590909090909,2519.9444444444443,3331.3056872037914,3569.0344827586205,2240.5,3253.414798206278,4455.5,3041.450226244344
"Erlangen, Stadt",4786.913043478261,5544.457345971564,3794.794605809129,4895.858306188925,4006.0555555555557,2833.436507936508,4926.786173633441,5294.018518518518,3417.464285714286,3823.6481481481483,> 6.500,4318.527888446215
"Fürth, Stadt",3320.442528735632,3567.4144981412637,3008.5232558139537,3495.52457002457,2278.1785714285716,2436.9583333333335,3352.6260997067448,3666.3536585365855,2475.037037037037,3283.1740506329115,5219.481481481482,3344.375502008032
"Nürnberg, Stadt",3559.205170975813,3823.7291666666665,3199.9843049327355,3774.9949494949497,2393.591054313099,2448.0524475524476,3622.7571942446043,3917.054054054054,2400.7568493150684,3400.956498388829,5330.399135446686,3374.2849162011175
"Schwabach, Stadt",3092.6768707482993,3304.7134831460676,2678.512048192771,3253,2401.9285714285716,2450.5,3128.185950413223,3342.1666666666665,2313.462962962963,3149.5942028985505,4578.833333333333,3305.1875
Ansbach,2945.685810810811,3097.053090332805,2540.1296296296296,3052.890180878553,2301.676470588235,2456.482905982906,2993.5637982195844,3065.777777777778,2452.8809523809523,3016.4310344827586,4363.833333333333,3151.830076004343
Erlangen-Höchstadt,4106.258017492712,4349.713836477988,3563.484496124031,4121.916666666667,4004.346153846154,2713.9615384615386,4287.744897959184,3939.1363636363635,3226.235294117647,3667.3772563176894,5994.172839506173,4019.1153846153848
Fürth,2936.399653979239,3070.614942528736,2634.6304347826085,3056.168016194332,2247.487951807229,2360.685185185185,2987.2718446601943,3040.992957746479,2217.1666666666665,2999.3297872340427,4313,3571.6184210526317
Nürnberger Land,3240.0951035781545,3442.494382022472,2775.898936170213,3379.377551020408,2399.515748031496,2534.730769230769,3282.157608695652,3500.9854368932038,2452.2045454545455,3263.3571428571427,5088,3523.877192982456
Neustadt a.d.Aisch-Bad Windsh.,2842.383886255924,3007.904181184669,2452.790076335878,2958.811688311688,2148.438144329897,2320.9861111111113,2884.9982078853045,3061.8333333333335,2243.46875,2909.0016835016836,4010.0238095238096,3144.2741312741314
Roth,3067.9407114624505,3198.9203296703295,2671.9285714285716,3162.4331742243435,2442.5454545454545,2486.7903225806454,3129.403903903904,3249.1263736263736,2442.3367346938776,3096.8133640552996,4417.924242424242,3430.0279383429674
Weißenburg-Gunzenhausen,3136.160847880299,3297.567448680352,2661.660714285714,3219.638418079096,2446.811475409836,2531.8829787234044,3165.34375,3361.3585858585857,2630.8571428571427,3157.893292682927,4803.625,3234.6700819672133
"Aschaffenburg, Stadt",3438.504750593824,3774.2951807228915,2900.9464285714284,3562.199164345404,2499.9565217391305,2433.3125,3514.73487544484,3775.5,2302.5833333333335,3391.409090909091,5397.523809523809,3424.824324324324
"Schweinfurt, Stadt",4148.3209191759115,4327.725130890052,3252.035087719298,4183.090634441088,3261.0263157894738,3105.572463768116,4224.1381322957195,4332.4047619047615,3407.7916666666665,3958.8333333333335,6046.578431372549,3329.4473684210525
"Würzburg, Stadt",3398.8519900497513,3629.6460396039606,3127.0927977839337,3479.1140583554375,2310.549019607843,2503.53738317757,3444.7105263157896,3717.6487603305786,2254.3793103448274,3295.464285714286,4782.907407407408,3374.7805755395684
Aschaffenburg,3209.8867924528304,3428.669014084507,2670.4101796407185,3325.98596112311,2470.2727272727275,2414.2820512820513,3262.525316455696,3484.0858585858587,2329.468253968254,3202.1705069124423,5389.388888888889,3530.1875
Bad Kissingen,2970.1514423076924,3157.5234113712377,2496.4134615384614,3033.551948051948,2178.7894736842104,2388.9615384615386,2996.526490066225,3224.897590361446,2302.285714285714,2994.4801699716713,4126.5,3203.5128205128203
Rhön-Grabfeld,3236.9306784660766,3425.8289473684213,2770.449494949495,3269.341642228739,2370.5,2553,3334.1032388663966,3255.1052631578946,2533.8333333333335,3156.75,5298.576923076923,3305.37987987988
Haßberge,3205.996453900709,3396.4737827715358,2633.4741379310344,3254.0953177257525,2316.5714285714284,2539.2755102040815,3271.7053571428573,3384.730769230769,2705.3076923076924,3193.102996254682,4810.916666666667,3356.9666666666667
Kitzingen,3179.3978494623657,3353.2,2655.396907216495,3291.761398176292,2274.556603773585,2459.195652173913,3243.448717948718,3320.371794871795,2558.5,3178.1845637583892,5040.5,3148.758706467662
Miltenberg,3203.0590551181103,3367.9791086350974,2698.590277777778,3312.8958333333335,2524.7753623188405,2482.140625,3270.669082125604,3345.185039370079,2823.294117647059,3226.3186397984887,4973.9375,3310.1153846153848
Main-Spessart,3531.2839388145317,3722.272151898734,2950.859712230216,3597.9742268041236,2573.049019607843,2725.5,3592.417808219178,3729.0714285714284,3177.7727272727275,3459.4861751152075,6193.792682926829,3508.6103678929767
Schweinfurt,2754.6551246537397,2838.1353790613716,2519.818181818182,2870.9545454545455,2266.448275862069,2337.5833333333335,2798.077519379845,2867.7535211267605,2363.78125,2793.681818181818,3977.285714285714,3578.602189781022
Würzburg,3088.6521739130435,3208.3733766233768,2821.030726256983,3172.5823798627002,2331.269230769231,2457.0384615384614,3147.437321937322,3261.521505376344,2367.3367346938776,3056.1629834254145,4318.424528301887,3367.6052631578946
"Augsburg, Stadt",3639.6355140186915,4088.965250965251,3128.4646017699115,3837.7658079625294,2484.1244541484716,2551.1666666666665,3725.8851540616247,4014.889534883721,2332.6721311475408,3467.635761589404,5387.917218543046,3296.241394527802
"Kaufbeuren, Stadt",3136.1958762886597,3377.1187050359713,2797.0625,3262.715909090909,2344.730769230769,2505.5,3233.7,3350.5,1934.09375,3163.2697841726617,4718.833333333333,3184.5561224489797
"Kempten (Allgäu), Stadt",3271.125,3540.7412280701756,2842.8497267759562,3405.3333333333335,2275.5,2406.632075471698,3355.0627376425855,3614.09649122807,2208,3235.4122807017543,4472.027777777777,3216.4407665505228
"Memmingen, Stadt",3382.1176470588234,3641.931924882629,2860.8535353535353,3552.909638554217,2551.8888888888887,2547.756097560976,3480.1341463414633,3684.296296296296,2457.551282051282,3435.55859375,5240.5,3233.2008928571427
Aichach-Friedberg,3055.769058295964,3210.6331360946747,2647.318181818182,3146.291457286432,2676.5416666666665,2508.8333333333335,3127.6710526315787,3223.7758620689656,2620.2115384615386,3077.9147727272725,4377.5,3571.2343412527
Augsburg,3030.0086393088554,3159.5,2711.8636363636365,3229.787598944591,2475.0387453874537,2458.2651515151515,3089.4119601328903,3267.5833333333335,2481.5,3095.936507936508,4671.430232558139,3521.351177730193
Dillingen a.d.Donau,3257.041450777202,3423.678137651822,2784.8023255813955,3382.086402266289,2543.1767676767677,2620.598039215686,3325.417218543046,3499.824324324324,2645.2368421052633,3299.40625,5085.222222222223,3432.302721088435
Günzburg,3192.0184678522573,3303.612244897959,2836.018292682927,3330.9715302491104,2554.4719626168226,2552.7988505747126,3247.7554890219562,3418.1136363636365,2526.8888888888887,3204.1952554744526,4913.961538461538,3278.70324005891
Neu-Ulm,3510.8159851301116,3812.9358974358975,2893.9272300469484,3673.735294117647,2648.2272727272725,2662.7340425531916,3565.1511627906975,3862.8333333333335,2712.780701754386,3507.560185185185,5288.735294117647,3546.709800918836
Lindau (Bodensee),3432.4277108433735,3775.625,2802.344262295082,3567.7619047619046,2780.401960784314,2499.1111111111113,3555.087155963303,3509.551724137931,2566.0172413793102,3326.590909090909,5670.598039215686,3367.5648464163824
Ostallgäu,3346.0882352941176,3595.0625,2616.765060240964,3471.3244111349036,2571.0729166666665,2660.1938775510203,3432.68085106383,3544.0393258426966,2714.5243902439024,3352.458525345622,5208.5,3410.11887477314
Unterallgäu,3422.375,3627.9157303370785,2727.1778523489934,3550.2137404580153,2660.453703703704,2787.5689655172414,3525.923728813559,3511.638613861386,2641.5377358490564,3446.35,5224.071428571428,3419.4006024096384
Donau-Ries,3457.5480928689885,3707.151376146789,2854.4267015706805,3570.9623287671234,2549.228813559322,2671.8917525773195,3559.6814159292035,3636.0140186915887,2579.9871794871797,3443.2543186180424,6007.117647058823,3467.904006677796
Oberallgäu,3085.6090604026845,3318.9848484848485,2586.803191489362,3215.25,2379.169724770642,2533.3125,3159.775184275184,3265.6315789473683,2526.443396226415,3092.504048582996,4784.370967741936,3233.4239302694136
Regionalverband Saarbrücken,3518.2708638360177,3767.1968599033817,3161.900651465798,3643.345117845118,2516.0405405405404,2342.7566371681414,3534.9466600199403,3846.133187772926,2423,3472.640762463343,5025.177419354839,3378.896739130435
Merzig-Wadern,3082.148936170213,3254.417050691244,2774.5506329113923,3151.16765578635,2568.2631578947367,2420.8947368421054,3108.4198473282445,3288,2712.5,3076.9285714285716,4653.086206896552,3253.795128939828
Neunkirchen,3270.687165775401,3506.189655172414,2785.1456692913384,3332.367283950617,2449.8055555555557,2340.9411764705883,3270.0848375451264,3571.390410958904,2473.277777777778,3286.972602739726,4759.195652173913,3340.888655462185
Saarlouis,3289.735624123422,3487.234693877551,2832.0944881889764,3366.763650546022,2875.270642201835,2315.016129032258,3320.724171539961,3637.917218543046,2787.1161616161617,3347.5454545454545,4826.333333333333,3467.019823788546
Saarpfalz-Kreis,3553.4042386185242,3798.006082725061,3105.4492385786803,3618.2529182879375,3004.231343283582,2446.9285714285716,3564.7780172413795,3857.8630136986303,3036.6111111111113,3505.967289719626,5394.104651162791,3588.30737704918
St. Wendel,3206.4055118110236,3406.72009569378,2724.625874125874,3264.470588235294,2357.021739130435,2446.796296296296,3203.1737967914437,3528.909090909091,2538.3205128205127,3207.392523364486,4634.590909090909,3438.07225433526
"Berlin, Stadt",3242.2960866894796,3290.5951986754967,3191.3450109741684,3319.5027384755817,2571.9285714285716,2158.7169709989257,3266.5666740625693,3451.9781491002573,2278.531115879828,2982.966991792554,4557.198440207972,3222.0722987817057
"Brandenburg an der Havel, St.",2853.0862068965516,2870.58547008547,2836.6570247933882,2869.25,X,2229.6666666666665,2868.1315789473683,2926.095238095238,X,2757.719827586207,4418.208333333333,2752.9131274131273
"Cottbus, Stadt",2739.3403990024935,2556.321917808219,2961.6111111111113,2788.223214285714,2010.9651162790697,1986.3333333333333,2655.8278688524592,3166.409090909091,1981.0555555555557,2512.8251748251746,4224.39705882353,2898.7723577235774
"Frankfurt (Oder), Stadt",2752.3518518518517,2561.9503816793895,2965.2321428571427,2831.85593220339,1853,1838.657894736842,2646.9765100671143,3170.8333333333335,1948.2272727272727,2665.9450261780103,4254.176470588235,2705.4311926605506
"Potsdam, Stadt",3073.0404312668466,3018.7432432432433,3127.75,3126.0412719891747,2181.4523809523807,1950.962962962963,3040.8078202995007,3369.7567567567567,1961.4375,2786.2276119402986,4379.554054054054,3150.3778501628663
Barnim,2483.317220543807,2448.765306122449,2559.362433862434,2513.812693498452,1864.6666666666667,1927.8809523809523,2474.173469387755,2639.0036496350367,1848.2777777777778,2439.8900343642613,3967.360465116279,2860.6396276595747
Dahme-Spreewald,2624.6537376586743,2629.439393939394,2613.5841121495328,2666.2563025210084,2102.8333333333335,1994.7307692307693,2626.9450867052024,2761.240740740741,1986.2843137254902,2520.0876288659792,4175.938596491228,2844.258915834522
Elbe-Elster,2323.518292682927,2327.002732240437,2313.3968253968255,2332.163223140496,X,1957.2307692307693,2314.6643059490084,2399.574074074074,X,2256.659420289855,3682.4444444444443,2422.967672413793
Havelland,2338.4898403483307,2345.742537313433,2313.081699346405,2392.7297297297296,1923.2011494252874,1952.7727272727273,2348.989278752437,2441.8306451612902,1968.9027777777778,2335.3920863309354,3746.59375,2778.269230769231
Märkisch-Oderland,2518.85604770017,2462.8205741626793,2651.1613756613756,2555.584745762712,2078.582191780822,2021.2627118644068,2498.7758620689656,2688.9615384615386,1986.4375,2460.777777777778,3872.259259259259,2827.783950617284
Oberhavel,2694.6552901023892,2684.4928057553957,2717.4270833333335,2725.1841155234656,2221.254716981132,2068.3571428571427,2710.0372460496615,2812.6739130434785,2042.6296296296296,2603.430728241563,4651.690476190476,2965.848525469169
Oberspreewald-Lausitz,2639.8861892583122,2633.8333333333335,2657.6428571428573,2668.2464788732395,1885.9166666666667,2129.25,2622.965034965035,2788.8333333333335,1983.3125,2486.8291139240505,4659.590909090909,2585.5340136054424
Oder-Spree,2630.81007751938,2592.3997668997667,2735.752808988764,2692.5433996383363,1982.8684210526317,2108,2619.627155172414,2779.7279411764707,1996.7121212121212,2579.6417165668663,4218.803571428572,2859.5393343419064
Ostprignitz-Ruppin,2411.2843137254904,2383.878016085791,2489.2596899224804,2427.3973214285716,1845.6923076923076,1975.5,2407.870820668693,2518.957943925234,1970.3275862068965,2345.940251572327,4179.554054054054,2430.391304347826
Potsdam-Mittelmark,2580.4253731343283,2568.21694214876,2613.369822485207,2623.3050595238096,2031.5240963855422,2023.7558139534883,2611.434393638171,2612.8546511627906,2007.4148936170213,2487.08940397351,4263.390625,2972.4568062827225
Prignitz,2366.771820448878,2373.153721682848,2344.7073170731705,2379.1989795918366,X,2071.035714285714,2376.0050505050503,2409.029411764706,1830.7083333333333,2340.257412398922,3967.8076923076924,2408.0425790754257
Spree-Neiße,2610.088068181818,2658.9123222748817,2492.360465116279,2684.626984126984,1731.9655172413793,2293.5555555555557,2490.1067415730336,3098.39156626506,2721.3333333333335,2395.313829787234,4054.203703703704,2615.6255707762557
Teltow-Fläming,2520.2062084257204,2574.231587561375,2341.787878787879,2677.3096514745307,1738.5041152263375,1747.4269102990033,2555.210743801653,2627.935064935065,1776.778409090909,2500.462962962963,4896.088235294118,2751.9322916666665
Uckermark,2443.940860215054,2437.6641791044776,2461.3695652173915,2470.3891625615765,2084.9444444444443,1972.6153846153845,2414.946107784431,2607.5224719101125,1879.25,2384.557071960298,4105.261904761905,2530.1690307328604
"Rostock, Hansestadt",2877.395734597156,2944.8396226415093,2790.804709141274,2906.6331775700933,2058.1271186440677,2054.25,2870.8049759229534,3096.1586826347307,2006.452380952381,2673.707990599295,4312.573170731707,2767.9324324324325
"Schwerin, Landeshauptstadt",2859.001118568233,2773.8922829581993,2982.6065989847716,2893.769230769231,1897.8684210526317,1968.1136363636363,2816.7328767123286,3240.155172413793,1714.6304347826087,2680.5,4418,2791.693181818182
Mecklenburgische Seenplatte,2424.7744610281925,2407.463087248322,2473.0075528700904,2434.6159052453468,2086.913043478261,1964.1627906976744,2406.431263858093,2584.9827586206898,1808.967741935484,2331.419340849957,4142.419191919192,2478.739608801956
Landkreis Rostock,2341.23896353167,2357.2218543046356,2296.717712177122,2361.3400402414486,1880.7083333333333,1939.541095890411,2348.846560846561,2408.3571428571427,1894.388888888889,2279.9896957801766,3981.5975609756097,2602.7727272727275
Vorpommern-Rügen,2302.537037037037,2321.9549483013293,2254.346153846154,2326.9657980456027,1825.8048780487804,1899.3235294117646,2293.09501965924,2463.2604166666665,1765.232142857143,2248.488798370672,4067.910714285714,2382.304586241276
Nordwestmecklenburg,2610.4072512647554,2643.6451612903224,2510.7836879432625,2624.3362068965516,2165.2727272727275,2052.2441860465115,2629.592920353982,2691.348214285714,1977.0151515151515,2521.8350785340313,4498.227272727273,2720.1540880503144
Vorpommern-Greifswald,2367.1482300884954,2330.940199335548,2436.017799352751,2412.5347394540945,1784.551724137931,1887.1666666666667,2340.394419306184,2586.257575757576,1798,2278.948275862069,4394.578947368421,2443.7112068965516
Ludwigslust-Parchim,2386.924332344214,2422.19881305638,2291.327338129496,2437.2411225658648,1818.9782608695652,1951.4493670886077,2394.9598337950138,2479.516064257028,1885.1491228070176,2382.6345707656615,4275.5,2548.326938136257
"Chemnitz, Stadt",2757.649758454106,2799.542879019908,2687.068123393316,2796.3501006036217,2057.396551724138,2125.1835443037976,2778.1485788113696,2907.6951219512193,1913.5208333333333,2529.0524920466596,4246.854166666667,2748.0446428571427
Erzgebirgskreis,2300.8440366972477,2358.224505327245,2106.0944055944055,2326.5465801886794,1789.8115942028985,2005.2413793103449,2323.772438443209,2306.6262376237623,1874.4583333333333,2241.2264722069344,4012.188311688312,2432.8504983388702
Mittelsachsen,2351.270712909441,2410.6843525179856,2197.3162839248434,2362.718543046358,2068.965909090909,2004.559829059829,2378.098253275109,2351.514492753623,1947.8214285714287,2258.2214452214453,4068.5,2457.664727495407
Vogtlandkreis,2356.8189143341815,2406.450991831972,2197.029968454259,2390.4161518093556,1900.8846153846155,1948.2777777777778,2383.1989619377164,2371.941605839416,1875.5,2272.9911971830984,3961.5759493670885,2471.0387931034484
Zwickau,2594.223021582734,2650.158203125,2439.758793969849,2631.2986870897157,1924.6176470588234,2091.8865546218485,2642.6015180265654,2570.9761904761904,1939.0964912280701,2483.8524464831803,4138.6578947368425,2653.1804860614725
"Dresden, Stadt",3088.7634364820847,3161.3774474256707,3001.046328671329,3124.061381074169,2158.735294117647,2108.1797385620916,3104.692372406057,3281.9408396946565,1977.7540983606557,2744.032608695652,4339.973684210527,3067.4157275845173
Bautzen,2395.6760104302475,2415.4726526891523,2339.1363636363635,2441.478107344633,1751.2894736842106,1953.8333333333333,2407.716494845361,2466.88198757764,1810.8174603174602,2293.0324675324673,4212.5192307692305,2537.965706447188
Görlitz,2272.2968157695223,2273.01720747296,2269.8708609271525,2333.9474885844747,1955.35347985348,1978.8536585365853,2259.855670103093,2406.8008130081303,1902.3181818181818,2203.0855654761904,3995.789855072464,2391.2632263660016
Meißen,2516.5042735042734,2536.88985005767,2458.9951456310678,2544.8505338078294,2071.995327102804,2076.1666666666665,2528.156434474616,2579.8436293436293,2021.3333333333333,2409.8922651933703,4246.163265306122,2616.1573498964804
Sächs. Schweiz-Osterzgebirge,2402.0966386554624,2423.5392156862745,2350.0152354570637,2423.405872193437,1997.5588235294117,2068.429292929293,2423.013812154696,2432.277777777778,1943.4347826086957,2317.6288395904435,3976.109756097561,2549.4574283231973
"Leipzig, Stadt",2935.533285782216,3003.450101146325,2837.0945945945946,2992.749527410208,1948.7071713147411,2075.6358695652175,2970.494327850255,3088.5246913580245,1946.2446808510638,2683.77721661055,4215.811804008908,2928.95066518847
Leipzig,2382.9065836298932,2399.9815668202764,2323.6481481481483,2402.8261278195487,1968.921052631579,2026.5869565217392,2403.039298669891,2397.334061135371,1912.234693877551,2305.466730038023,4082.5588235294117,2662.775
Nordsachsen,2487.097065462754,2514.1160714285716,2409.377551020408,2506.0027932960893,2077.0384615384614,2067.1666666666665,2511.6481481481483,2506.4684684684685,1933.8333333333333,2368.634171907757,4123.814606741573,2510.4124613800204
"Dessau-Roßlau, Stadt",2764.655629139073,2661.3024691358023,2950.8496503496503,2789.25,1971.9285714285713,1984.875,2755.194835680751,2960.1153846153848,1858.8333333333333,2572.543010752688,4349.875,2735.96875
"Halle (Saale), Stadt",2885.220457433291,2878.7098765432097,2892.1230366492146,2920.573726541555,2017.326923076923,2019.9444444444443,2844.003039513678,3221.7918660287082,1847.4178082191781,2639.281575037147,4316.20351758794,2809.4064649243464
"Magdeburg, Landeshauptstadt",2872.1331658291456,2852.075456053068,2902.878048780488,2897.255921730175,2269.1363636363635,2058.3125,2845.903439153439,3156.6567164179105,1883.4113924050632,2671.9406779661017,4279.328828828829,2892.0786384976527
Altmarkkreis Salzwedel,2365.5,2431.75,2168.909090909091,2390.2014925373132,1869.6176470588234,1968.357142857143,2364.3771186440677,2478.981012658228,1769.8548387096773,2322.8015873015875,4088,2619.9736842105262
Anhalt-Bitterfeld,2429.5998766954376,2474.23417721519,2306.814432989691,2463.590277777778,1782.5945945945946,1966.9772727272727,2440.636876006441,2496.4415584415583,1826.563829787234,2346.719346049046,4274.95652173913,2478.4003783102144
Börde,2596.038922155689,2610.0805921052633,2549.23417721519,2630.23061760841,2022.7222222222222,2144.9444444444443,2601.5204081632655,2690.130681818182,1951.9705882352941,2544.877510040161,4394.388888888889,2768.504722550177
Burgenlandkreis,2487.0407319952774,2499.206896551724,2449.970338983051,2524.8506493506493,1884.5579710144928,2140.0833333333335,2480.625,2573.7432432432433,1994.439393939394,2441.782225237449,4378.340909090909,2536.887711864407
Harz,2567.315286624204,2589.418439716312,2512.2903930131006,2586.550257731959,2039.1904761904761,2058.3703703703704,2555.7314814814813,2711.549723756906,1876.8513513513512,2488.7157123834886,4266.409090909091,2701.6891279728197
Jerichower Land,2462.1197183098593,2473.476878612717,2416.0172413793102,2488.70293398533,2032.53125,1989.6666666666667,2455.5613496932515,2581.269230769231,2018.6818181818182,2433.673076923077,4051.6363636363635,2575.7083333333335
Mansfeld-Südharz,2413.3980891719743,2416.54774535809,2400.7659574468084,2420.165948275862,2202.423076923077,2029.25,2396.3333333333335,2546.6382113821137,1900.5,2335.5877192982457,4163.431034482759,2559.963276836158
Saalekreis,2635.426470588235,2645.5819672131147,2603.4342723004693,2671.8344788087056,2109.843434343434,2187.4402985074626,2619.5513219284603,2793.5722891566265,2096.8414634146343,2549.533957845433,4581.145161290323,2746.94128113879
Salzlandkreis,2545.18085106383,2556.7871287128714,2506.6708860759495,2561.501461988304,1901.6363636363637,2056.6403508771928,2530.0019157088122,2695.7743902439024,1883,2471.9831804281343,4436.863636363636,2581.9439140811455
Stendal,2496.7274774774774,2457.8994252873563,2635.7678571428573,2505.735294117647,X,2019.0483870967741,2465.777777777778,2688.284090909091,X,2404.153846153846,4173.7558139534885,2549.1346516007534
Wittenberg,2375.370242214533,2371.37852494577,2391.0982905982905,2398.144927536232,2058.6632653061224,2023.576923076923,2373.1404494382023,2466.846153846154,1826.5,2323.7954545454545,4244.4655172413795,2496.489096573209
"Erfurt, Stadt",2776.3031088082903,2788.4712746858168,2759.6911764705883,2895.9598370197905,1821.97577092511,1890.5,2770.7513966480446,3107.0366972477063,1814.9859813084113,2614.3141025641025,4115.396373056995,2810.008816120907
"Gera, Stadt",2489.0780885780887,2486.4756097560976,2492.5765027322404,2526.653846153846,1875.5,1893.8823529411766,2461.6111111111113,2811.5576923076924,1709.590909090909,2413.036023054755,3938,2515.992957746479
"Jena, Stadt",3173.41280148423,3265.531152647975,3071.9423076923076,3202.0323992994745,2228.0862068965516,2247.375,3197.071072319202,3294.0897435897436,1954.3461538461538,2841.956422018349,4553.524193548387,3277.3779342723005
"Suhl, Stadt",2616.027950310559,2610.554347826087,2623.3260869565215,2658.120320855615,1765.7173913043478,X,2607.2622950819673,2888.4032258064517,X,2474.6017964071857,4048.1190476190477,2557.4767441860463
"Weimar, Stadt",2952.1497461928934,2910.9166666666665,3002.8622047244094,3010.084980237154,2086.214285714286,X,2910.2633136094673,3214.293103448276,X,2689.309523809524,3985.745901639344,2917.090909090909
"Eisenach, Stadt",2831.473451327434,2991,2558.3651685393256,2880.4086757990867,1733.3125,1948.7142857142858,2885.740963855422,2892.891304347826,2153,2752.412568306011,4550.5,2813.8928571428573
Eichsfeld,2469.127450980392,2522.4246031746034,2211.3695652173915,2513.1339285714284,2096.8541666666665,2075.5,2499.6011235955057,2477.27304964539,1854.5,2457.9770642201834,3898.2272727272725,2720.3360655737706
Nordhausen,2556.529411764706,2563.0925925925926,2535.3314606741574,2567.7388059701493,2118,2064.293103448276,2581.7749003984063,2634.404109589041,1788,2477.297385620915,4123.416666666667,2635.3214285714284
Wartburgkreis,2611.561151079137,2728.0910364145657,2295.016129032258,2649.563670411985,2028.9722222222222,2239,2648.2434679334915,2617.318181818182,1969.7307692307693,2567.0547024952016,4266.716216216216,2754.5247678018577
Unstrut-Hainich-Kreis,2342.6206225680935,2381.7,2224.1111111111113,2373.847547974414,1944.7857142857142,1951.1410256410256,2375.772479564033,2341.8366336633662,1739.388888888889,2284.565934065934,3818.3571428571427,2498.8050847457625
Kyffhäuserkreis,2512.3200836820083,2494.608280254777,2545.1428571428573,2523.032188841202,X,X,2496.8709677419356,2639.1792452830186,X,2428.9444444444443,4021.653846153846,2546.619592875318
Schmalkalden-Meiningen,2438.425170068027,2511.688436830835,2266.1424581005585,2490.9863481228667,1676.8761467889908,1923.7142857142858,2464.17816091954,2515.748226950355,1858.3125,2412.216300940439,3855.5,2593.753424657534
Gotha,2532.9602122015917,2638.6944444444443,2286.7179487179487,2619.222304283604,1835.927135678392,1915.2590361445782,2570.404761904762,2579.1290322580644,1758.673076923077,2522.822775263952,3944.521739130435,2592.6703296703295
Sömmerda,2503.3455284552847,2618.252100840336,2180.3728813559323,2530.9861111111113,1972.8214285714287,2096.189655172414,2555.8359683794465,2430.559523809524,2622.375,2441.965256797583,3952.8809523809523,2556.017711171662
Hildburghausen,2383.691489361702,2446.0492424242425,2241.9,2405.847222222222,1866.5,2093.3571428571427,2424.764705882353,2338.8720930232557,X,2342.37675070028,4032.4444444444443,2585.772277227723
Ilm-Kreis,2606.217054263566,2680.1052631578946,2382.6428571428573,2637.1863905325445,1868.9782608695652,2108.108695652174,2654.9619422572177,2554.8032786885246,1895.8703703703704,2492.9956369982547,4153.340909090909,2591.062613430127
Weimarer Land,2445.0983379501386,2459.5989399293285,2396.59375,2480.239010989011,1841.0405405405406,2086.3695652173915,2468.5755395683454,2472.253246753247,1742.6875,2395.7380952380954,4093.5555555555557,2653.625
Sonneberg,2436.4254498714654,2536.3225108225106,2276.163716814159,2518,1742.6875,1962.1666666666667,2478.1315789473683,2459.9155844155844,1877.4736842105262,2457.4218241042345,3903.4411764705883,2553.0469168900804
Saalfeld-Rudolstadt,2539.8892339544514,2630.534722222222,2337.4760479041915,2554.563205417607,1926.4259259259259,2082.396551724138,2560.3039215686276,2575.270642201835,2021.9285714285713,2463.1513317191284,4148.714285714285,2579.601221640489
Saale-Holzland-Kreis,2389.486784140969,2412.877049180328,2332.5866141732286,2413.480769230769,1699.436170212766,1963.8333333333333,2419.6326530612246,2387.5454545454545,1780.0454545454545,2333.5717488789237,3832.2567567567567,2597.231234866828
Saale-Orla-Kreis,2331.494671403197,2402.8209549071616,2069.8478260869565,2365.016129032258,1766.90625,2015.6515151515152,2363.4704301075267,2326.1849315068494,1812.342105263158,2302.278846153846,3610.7272727272725,2411.0855855855857
Greiz,2325.830188679245,2380.162162162162,2184.759259259259,2344.652046783626,1910.3837209302326,2032.4444444444443,2342.74358974359,2347.6774193548385,X,2275.5,3817.435483870968,2434.25
Altenburger Land,2308.4232283464567,2342.551282051282,2201.0281690140846,2323.580808080808,1844.0483870967741,1983.6081081081081,2324.571618037135,2329.8981481481483,2196.5227272727275,2256.75,3761.9583333333335,2431.412162162162
